adsh,tag,version,ddate,qtrs,uom,dimh,iprx,value,footnote,footlen,dimn,coreg,durp,datp,dcml
0001564590-14-003474,StockholdersEquity,us-gaap/2013,20140630,0,USD,0x00000000,0,3046593000.0000,,0,0,,0.0,0.0,-3
0001564590-14-003474,StockholdersEquity,us-gaap/2013,20131231,0,USD,0x00000000,0,2950006000.0000,,0,0,,0.0,0.0,-3
0001564590-14-003474,WeightedAverageNumberOfDilutedSharesOutstanding,us-gaap/2013,20140630,1,shares,0x00000000,0,595607000.0000,,0,0,,0.013698995,0.0,-3
0001564590-14-003474,WeightedAverageNumberOfDilutedSharesOutstanding,us-gaap/2013,20130630,1,shares,0x00000000,0,132224000.0000,,0,0,,0.013698995,0.0,-3
0001564590-14-003474,WeightedAverageNumberOfDilutedSharesOutstanding,us-gaap/2013,20140630,2,shares,0x00000000,0,587760000.0000,,0,0,,0.02739799,0.0,-3
0001564590-14-003474,WeightedAverageNumberOfDilutedSharesOutstanding,us-gaap/2013,20130630,2,shares,0x00000000,0,129853000.0000,,0,0,,0.02739799,0.0,-3
0001564590-14-003474,ProvisionForDoubtfulAccounts,us-gaap/2013,20140630,2,USD,0x00000000,0,1436000.0000,,0,0,,0.02739799,0.0,-3
0001564590-14-003474,ProvisionForDoubtfulAccounts,us-gaap/2013,20130630,2,USD,0x00000000,0,245000.0000,,0,0,,0.02739799,0.0,-3
0001564590-14-003474,IncreaseDecreaseInAccountsPayable,us-gaap/2013,20140630,2,USD,0x00000000,0,1407000.0000,,0,0,,0.02739799,0.0,-3
0001564590-14-003474,IncreaseDecreaseInAccountsPayable,us-gaap/2013,20130630,2,USD,0x00000000,0,-1923000.0000,,0,0,,0.02739799,0.0,-3
0001564590-14-003474,CapitalExpendituresIncurredButNotYetPaid,us-gaap/2013,20140630,2,USD,0x00000000,0,43597000.0000,,0,0,,0.02739799,0.0,-3
0001564590-14-003474,CapitalExpendituresIncurredButNotYetPaid,us-gaap/2013,20130630,2,USD,0x00000000,0,9331000.0000,,0,0,,0.02739799,0.0,-3
0001564590-14-003474,AvailableForSaleSecuritiesContinuousUnrealizedLossPositionTwelveMonthsOrLongerFairValue,us-gaap/2013,20140630,0,USD,0x00000000,0,,,0,0,,0.0,0.0,-32768
0001564590-14-003474,AvailableForSaleSecuritiesContinuousUnrealizedLossPositionTwelveMonthsOrLongerFairValue,us-gaap/2013,20131231,0,USD,0x00000000,0,,,0,0,,0.0,0.0,-32768
0001564590-14-003474,FiniteLivedIntangibleAssetsAccumulatedAmortization,us-gaap/2013,20140630,0,USD,0x00000000,0,61368000.0000,,0,0,,0.0,0.0,-3
0001564590-14-003474,FiniteLivedIntangibleAssetsAccumulatedAmortization,us-gaap/2013,20131231,0,USD,0x00000000,0,47086000.0000,,0,0,,0.0,0.0,-3
0001564590-14-003474,ShareBasedCompensationArrangementByShareBasedPaymentAwardOptionsOutstandingNumber,us-gaap/2013,20131231,0,shares,0x00000000,0,42246000.0000,,0,0,,0.0,0.0,-3
0001564590-14-003474,ShareBasedCompensationArrangementByShareBasedPaymentAwardOptionsOutstandingNumber,us-gaap/2013,20140630,0,shares,0x00000000,0,27470000.0000,,0,0,,0.0,0.0,-3
0001564590-14-003474,ShareBasedCompensationArrangementByShareBasedPaymentAwardOptionsExercisableNumber,us-gaap/2013,20140630,0,shares,0x00000000,0,21670000.0000,,0,0,,0.0,0.0,-3
0001564590-14-003474,OperatingLeasesFutureMinimumPaymentsDueInThreeYears,us-gaap/2013,20140630,0,USD,0x00000000,0,123147000.0000,,0,0,,0.0,0.0,-3
0001564590-14-003474,OperatingLeasesFutureMinimumPaymentsDueInFourYears,us-gaap/2013,20140630,0,USD,0x00000000,0,117191000.0000,,0,0,,0.0,0.0,-3
0001564590-14-003474,OperatingLeasesFutureMinimumPaymentsDue,us-gaap/2013,20140630,0,USD,0x00000000,0,829086000.0000,,0,0,,0.0,0.0,-3
0001564590-14-003474,AccruedPublisherPayments,0001564590-14-003474,20140630,0,USD,0x00000000,0,17329000.0000,,0,0,,0.0,0.0,-3
0001564590-14-003474,AccruedPublisherPayments,0001564590-14-003474,20131231,0,USD,0x00000000,0,15370000.0000,,0,0,,0.0,0.0,-3
0001564590-14-003474,CommonStockSharesOutstanding,us-gaap/2013,20140630,0,shares,0x00000000,0,612682000.0000,,0,0,,0.0,0.0,32767
0001564590-14-003474,CommonStockSharesOutstanding,us-gaap/2013,20131231,0,shares,0x00000000,0,569922000.0000,,0,0,,0.0,0.0,32767
0001564590-14-003474,PropertyPlantAndEquipmentGross,us-gaap/2013,20140630,0,USD,0x00000000,0,704941000.0000,,0,0,,0.0,0.0,-3
0001564590-14-003474,PropertyPlantAndEquipmentGross,us-gaap/2013,20131231,0,USD,0x00000000,0,499727000.0000,,0,0,,0.0,0.0,-3
0001564590-14-003474,AccruedProfessionalFeesCurrent,us-gaap/2013,20140630,0,USD,0x00000000,0,10137000.0000,,0,0,,0.0,0.0,-3
0001564590-14-003474,AccruedProfessionalFeesCurrent,us-gaap/2013,20131231,0,USD,0x00000000,0,7089000.0000,,0,0,,0.0,0.0,-3
0001564590-14-003474,WeightedAverageNumberOfSharesRestrictedStock,us-gaap/2013,20140630,1,shares,0x00000000,0,8447000.0000,,0,0,,0.013698995,0.0,-3
0001564590-14-003474,WeightedAverageNumberOfSharesRestrictedStock,us-gaap/2013,20130630,1,shares,0x00000000,0,6615000.0000,,0,0,,0.013698995,0.0,-3
0001564590-14-003474,WeightedAverageNumberOfSharesRestrictedStock,us-gaap/2013,20140630,2,shares,0x00000000,0,8639000.0000,,0,0,,0.02739799,0.0,-3
0001564590-14-003474,WeightedAverageNumberOfSharesRestrictedStock,us-gaap/2013,20130630,2,shares,0x00000000,0,6061000.0000,,0,0,,0.02739799,0.0,-3
0001564590-14-003474,Revenues,us-gaap/2013,20140630,1,USD,0x00000000,0,312166000.0000,,0,0,,0.013698995,0.0,-3
0001564590-14-003474,Revenues,us-gaap/2013,20130630,1,USD,0x00000000,0,139292000.0000,,0,0,,0.013698995,0.0,-3
0001564590-14-003474,Revenues,us-gaap/2013,20140630,2,USD,0x00000000,0,562658000.0000,,0,0,,0.02739799,0.0,-3
0001564590-14-003474,Revenues,us-gaap/2013,20130630,2,USD,0x00000000,0,253635000.0000,,0,0,,0.02739799,0.0,-3
0001564590-14-003474,PrepaidExpenseAndOtherAssetsCurrent,us-gaap/2013,20140630,0,USD,0x00000000,0,79773000.0000,,0,0,,0.0,0.0,-3
0001564590-14-003474,PrepaidExpenseAndOtherAssetsCurrent,us-gaap/2013,20131231,0,USD,0x00000000,0,93297000.0000,,0,0,,0.0,0.0,-3
0001564590-14-003474,Goodwill,us-gaap/2013,20140630,0,USD,0x00000000,0,514601000.0000,,0,0,,0.0,0.0,-3
0001564590-14-003474,Goodwill,us-gaap/2013,20131231,0,USD,0x00000000,0,363477000.0000,,0,0,,0.0,0.0,-3
0001564590-14-003474,NetCashProvidedByUsedInInvestingActivitiesContinuingOperations,us-gaap/2013,20140630,2,USD,0x00000000,0,-99639000.0000,,0,0,,0.02739799,0.0,-3
0001564590-14-003474,NetCashProvidedByUsedInInvestingActivitiesContinuingOperations,us-gaap/2013,20130630,2,USD,0x00000000,0,-22474000.0000,,0,0,,0.02739799,0.0,-3
0001564590-14-003474,DeferredIncomeTaxesAndOtherAssetsCurrent,us-gaap/2013,20140630,0,USD,0x00000000,0,33460000.0000,,0,0,,0.0,0.0,-3
0001564590-14-003474,DeferredIncomeTaxesAndOtherAssetsCurrent,us-gaap/2013,20131231,0,USD,0x00000000,0,62122000.0000,,0,0,,0.0,0.0,-3
0001564590-14-003474,ShareBasedCompensationArrangementByShareBasedPaymentAwardOptionsGrantsInPeriod,us-gaap/2013,20140630,2,shares,0x00000000,0,442000.0000,,0,0,,0.02739799,0.0,-3
0001564590-14-003474,CapitalLeasesFutureMinimumPaymentsPresentValueOfNetMinimumPayments,us-gaap/2013,20140630,0,USD,0x00000000,0,201673000.0000,,0,0,,0.0,0.0,-3
0001564590-14-003474,CashAndCashEquivalentsAtCarryingValue,us-gaap/2013,20140630,0,USD,0x00000000,0,844976000.0000,,0,0,,0.0,0.0,-3
0001564590-14-003474,CashAndCashEquivalentsAtCarryingValue,us-gaap/2013,20131231,0,USD,0x00000000,0,841010000.0000,,0,0,,0.0,0.0,-3
0001564590-14-003474,ProceedsFromMaturitiesPrepaymentsAndCallsOfAvailableForSaleSecurities,us-gaap/2013,20140630,2,USD,0x00000000,0,1009926000.0000,,0,0,,0.02739799,0.0,-3
0001564590-14-003474,ProceedsFromMaturitiesPrepaymentsAndCallsOfAvailableForSaleSecurities,us-gaap/2013,20130630,2,USD,0x00000000,0,220346000.0000,,0,0,,0.02739799,0.0,-3
0001564590-14-003474,CashAndCashEquivalentsAtCarryingValue,us-gaap/2013,20121231,0,USD,0x00000000,0,203328000.0000,,0,0,,0.0,0.0,-3
0001564590-14-003474,CashAndCashEquivalentsAtCarryingValue,us-gaap/2013,20130630,0,USD,0x00000000,0,164509000.0000,,0,0,,0.0,0.0,-3
0001564590-14-003474,IncreaseDecreaseInAccruedLiabilitiesAndOtherOperatingLiabilities,us-gaap/2013,20140630,2,USD,0x00000000,0,89692000.0000,,0,0,,0.02739799,0.0,-3
0001564590-14-003474,IncreaseDecreaseInAccruedLiabilitiesAndOtherOperatingLiabilities,us-gaap/2013,20130630,2,USD,0x00000000,0,9920000.0000,,0,0,,0.02739799,0.0,-3
0001564590-14-003474,NetCashProvidedByUsedInFinancingActivitiesContinuingOperations,us-gaap/2013,20140630,2,USD,0x00000000,0,-23085000.0000,,0,0,,0.02739799,0.0,-3
0001564590-14-003474,NetCashProvidedByUsedInFinancingActivitiesContinuingOperations,us-gaap/2013,20130630,2,USD,0x00000000,0,-25370000.0000,,0,0,,0.02739799,0.0,-3
0001564590-14-003474,FiniteLivedIntangibleAssetsNet,us-gaap/2013,20131231,0,USD,0x00000000,0,77627000.0000,,0,0,,0.0,0.0,-3
0001564590-14-003474,CapitalLeasesFutureMinimumPaymentsInterestIncludedInPayments,us-gaap/2013,20140630,0,USD,0x00000000,0,11848000.0000,,0,0,,0.0,0.0,-3
0001564590-14-003474,ShareBasedCompensationArrangementsByShareBasedPaymentAwardOptionsExercisesInPeriodWeightedAverageExercisePrice,us-gaap/2013,20140630,2,USD,0x00000000,0,1.0600,,0,0,,0.02739799,0.0,2
0001564590-14-003474,ShareBasedCompensationArrangementByShareBasedPaymentAwardOptionsVestedAndExpectedToVestExercisableWeightedAverageExercisePrice,us-gaap/2013,20140630,0,USD,0x00000000,0,2.2200,,0,0,,0.0,0.0,2
0001564590-14-003474,UnrecognizedTaxBenefits,us-gaap/2013,20140630,0,USD,0x00000000,0,79500000.0000,,0,0,,0.0,0.0,-5
0001564590-14-003474,FiniteLivedIntangibleAssetsNet,us-gaap/2013,20140630,0,USD,0x00000000,0,105497000.0000,,0,0,,0.0,0.0,-3
0001564590-14-003474,OtherComprehensiveIncomeLossNetOfTax,us-gaap/2013,20140630,1,USD,0x00000000,0,495000.0000,,0,0,,0.013698995,0.0,-3
0001564590-14-003474,OtherComprehensiveIncomeLossNetOfTax,us-gaap/2013,20130630,1,USD,0x00000000,0,108000.0000,,0,0,,0.013698995,0.0,-3
0001564590-14-003474,OtherComprehensiveIncomeLossNetOfTax,us-gaap/2013,20140630,2,USD,0x00000000,0,522000.0000,,0,0,,0.02739799,0.0,-3
0001564590-14-003474,OtherComprehensiveIncomeLossNetOfTax,us-gaap/2013,20130630,2,USD,0x00000000,0,4000.0000,,0,0,,0.02739799,0.0,-3
0001564590-14-003474,ProceedsFromSaleOfAvailableForSaleSecurities,us-gaap/2013,20140630,2,USD,0x00000000,0,168138000.0000,,0,0,,0.02739799,0.0,-3
0001564590-14-003474,ProceedsFromSaleOfAvailableForSaleSecurities,us-gaap/2013,20130630,2,USD,0x00000000,0,24300000.0000,,0,0,,0.02739799,0.0,-3
0001564590-14-003474,InterestIncomeExpenseNet,us-gaap/2013,20140630,1,USD,0x00000000,0,-2110000.0000,,0,0,,0.013698995,0.0,-3
0001564590-14-003474,InterestIncomeExpenseNet,us-gaap/2013,20130630,1,USD,0x00000000,0,-1513000.0000,,0,0,,0.013698995,0.0,-3
0001564590-14-003474,InterestIncomeExpenseNet,us-gaap/2013,20140630,2,USD,0x00000000,0,-4677000.0000,,0,0,,0.02739799,0.0,-3
0001564590-14-003474,InterestIncomeExpenseNet,us-gaap/2013,20130630,2,USD,0x00000000,0,-2746000.0000,,0,0,,0.02739799,0.0,-3
0001564590-14-003474,PaymentsRelatedToTaxWithholdingForShareBasedCompensation,us-gaap/2013,20140630,2,USD,0x00000000,0,16168000.0000,,0,0,,0.02739799,0.0,-3
0001564590-14-003474,CapitalLeasesFutureMinimumPaymentsDueInThreeYears,us-gaap/2013,20140630,0,USD,0x00000000,0,17215000.0000,,0,0,,0.0,0.0,-3
0001564590-14-003474,CapitalLeasesFutureMinimumPaymentsDueInFourYears,us-gaap/2013,20140630,0,USD,0x00000000,0,645000.0000,,0,0,,0.0,0.0,-3
0001564590-14-003474,LineOfCreditFacilityCurrentBorrowingCapacity,us-gaap/2013,20140630,0,USD,0x00000000,0,1000000000.0000,,0,0,,0.0,0.0,-8
0001564590-14-003474,IncreaseDecreaseInRestrictedCash,us-gaap/2013,20140630,2,USD,0x00000000,0,11716000.0000,,0,0,,0.02739799,0.0,-3
0001564590-14-003474,IncreaseDecreaseInRestrictedCash,us-gaap/2013,20130630,2,USD,0x00000000,0,2412000.0000,,0,0,,0.02739799,0.0,-3
0001564590-14-003474,PaymentsToAcquireProductiveAssets,us-gaap/2013,20140630,2,USD,0x00000000,0,94077000.0000,,0,0,,0.02739799,0.0,-3
0001564590-14-003474,PaymentsToAcquireProductiveAssets,us-gaap/2013,20130630,2,USD,0x00000000,0,26761000.0000,,0,0,,0.02739799,0.0,-3
0001564590-14-003474,AllowanceForDoubtfulAccountsReceivableCurrent,us-gaap/2013,20140630,0,USD,0x00000000,0,2920000.0000,,0,0,,0.0,0.0,-3
0001564590-14-003474,AllowanceForDoubtfulAccountsReceivableCurrent,us-gaap/2013,20131231,0,USD,0x00000000,0,2020000.0000,,0,0,,0.0,0.0,-3
0001564590-14-003474,StockIssuedDuringPeriodSharesStockOptionsExercised,us-gaap/2013,20140630,2,shares,0x00000000,0,14976000.0000,,0,0,,0.02739799,0.0,-3
0001564590-14-003474,ShareBasedCompensationArrangementsByShareBasedPaymentAwardOptionsForfeituresInPeriodWeightedAverageExercisePrice,us-gaap/2013,20140630,2,USD,0x00000000,0,5.5900,,0,0,,0.02739799,0.0,2
0001564590-14-003474,Assets,us-gaap/2013,20131231,0,USD,0x00000000,0,3366240000.0000,,0,0,,0.0,0.0,-3
0001564590-14-003474,Assets,us-gaap/2013,20140630,0,USD,0x00000000,0,3584817000.0000,,0,0,,0.0,0.0,-3
0001564590-14-003474,CommonStockParOrStatedValuePerShare,us-gaap/2013,20131231,0,USD,0x00000000,0,0.0000,,0,0,,0.0,0.0,32767
0001564590-14-003474,CommonStockValue,us-gaap/2013,20140630,0,USD,0x00000000,0,3000.0000,,0,0,,0.0,0.0,-3
0001564590-14-003474,CommonStockValue,us-gaap/2013,20131231,0,USD,0x00000000,0,3000.0000,,0,0,,0.0,0.0,-3
0001564590-14-003474,CommonStockParOrStatedValuePerShare,us-gaap/2013,20140630,0,USD,0x00000000,0,0.0000,,0,0,,0.0,0.0,32767
0001564590-14-003474,EarningsPerShareDiluted,us-gaap/2013,20140630,1,USD,0x00000000,0,-0.2400,,0,0,,0.013698995,0.0,2
0001564590-14-003474,EarningsPerShareDiluted,us-gaap/2013,20130630,1,USD,0x00000000,0,-0.3200,,0,0,,0.013698995,0.0,2
0001564590-14-003474,EarningsPerShareDiluted,us-gaap/2013,20140630,2,USD,0x00000000,0,-0.4700,,0,0,,0.02739799,0.0,2
0001564590-14-003474,EarningsPerShareDiluted,us-gaap/2013,20130630,2,USD,0x00000000,0,-0.5300,,0,0,,0.02739799,0.0,2
0001564590-14-003474,CostOfRevenue,us-gaap/2013,20140630,1,USD,0x00000000,0,100027000.0000,,0,0,,0.013698995,0.0,-3
0001564590-14-003474,CostOfRevenue,us-gaap/2013,20130630,1,USD,0x00000000,0,50573000.0000,,0,0,,0.013698995,0.0,-3
0001564590-14-003474,CostOfRevenue,us-gaap/2013,20140630,2,USD,0x00000000,0,185530000.0000,,0,0,,0.02739799,0.0,-3
0001564590-14-003474,CostOfRevenue,us-gaap/2013,20130630,2,USD,0x00000000,0,91828000.0000,,0,0,,0.02739799,0.0,-3
0001564590-14-003474,AdjustmentForAmortization,us-gaap/2013,20140630,2,USD,0x00000000,0,359000.0000,,0,0,,0.02739799,0.0,-3
0001564590-14-003474,AdjustmentForAmortization,us-gaap/2013,20130630,2,USD,0x00000000,0,3045000.0000,,0,0,,0.02739799,0.0,-3
0001564590-14-003474,AvailableForSaleSecuritiesContinuousUnrealizedLossPositionFairValue,us-gaap/2013,20140630,0,USD,0x00000000,0,503599000.0000,,0,0,,0.0,0.0,-3
0001564590-14-003474,AvailableForSaleSecuritiesContinuousUnrealizedLossPositionFairValue,us-gaap/2013,20131231,0,USD,0x00000000,0,402372000.0000,,0,0,,0.0,0.0,-3
0001564590-14-003474,AvailableForSaleSecuritiesGrossUnrealizedGainAccumulatedInInvestments,0001564590-14-003474,20140630,0,USD,0x00000000,0,47000.0000,,0,0,,0.0,0.0,-3
0001564590-14-003474,AvailableForSaleSecuritiesGrossUnrealizedGainAccumulatedInInvestments,0001564590-14-003474,20131231,0,USD,0x00000000,0,33000.0000,,0,0,,0.0,0.0,-3
0001564590-14-003474,WeightedAverageNumberOfSharesIssuedBasic,us-gaap/2013,20140630,1,shares,0x00000000,0,604054000.0000,,0,0,,0.013698995,0.0,-3
0001564590-14-003474,WeightedAverageNumberOfSharesIssuedBasic,us-gaap/2013,20130630,1,shares,0x00000000,0,138839000.0000,,0,0,,0.013698995,0.0,-3
0001564590-14-003474,WeightedAverageNumberOfSharesIssuedBasic,us-gaap/2013,20140630,2,shares,0x00000000,0,596399000.0000,,0,0,,0.02739799,0.0,-3
0001564590-14-003474,WeightedAverageNumberOfSharesIssuedBasic,us-gaap/2013,20130630,2,shares,0x00000000,0,135914000.0000,,0,0,,0.02739799,0.0,-3
0001564590-14-003474,AvailableForSaleSecuritiesContinuousUnrealizedLossPosition12MonthsOrLongerAggregateLossesAccumulatedInInvestments,0001564590-14-003474,20140630,0,USD,0x00000000,0,,,0,0,,0.0,0.0,-32768
0001564590-14-003474,AvailableForSaleSecuritiesContinuousUnrealizedLossPosition12MonthsOrLongerAggregateLossesAccumulatedInInvestments,0001564590-14-003474,20131231,0,USD,0x00000000,0,,,0,0,,0.0,0.0,-32768
0001564590-14-003474,ShareBasedCompensationArrangementByShareBasedPaymentAwardOptionsVestedAndExpectedToVestOutstandingAggregateIntrinsicValue,us-gaap/2013,20140630,0,USD,0x00000000,0,1043170000.0000,,0,0,,0.0,0.0,-3
0001564590-14-003474,Liabilities,us-gaap/2013,20140630,0,USD,0x00000000,0,538224000.0000,,0,0,,0.0,0.0,-3
0001564590-14-003474,Liabilities,us-gaap/2013,20131231,0,USD,0x00000000,0,416234000.0000,,0,0,,0.0,0.0,-3
0001564590-14-003474,IncreaseDecreaseInPrepaidDeferredExpenseAndOtherAssets,us-gaap/2013,20140630,2,USD,0x00000000,0,17229000.0000,,0,0,,0.02739799,0.0,-3
0001564590-14-003474,IncreaseDecreaseInPrepaidDeferredExpenseAndOtherAssets,us-gaap/2013,20130630,2,USD,0x00000000,0,5301000.0000,,0,0,,0.02739799,0.0,-3
0001564590-14-003474,AvailableForSaleSecuritiesContinuousUnrealizedLossPositionLessThanTwelveMonthsFairValue,us-gaap/2013,20131231,0,USD,0x00000000,0,402372000.0000,,0,0,,0.0,0.0,-3
0001564590-14-003474,ShareBasedCompensationArrangementByShareBasedPaymentAwardOptionsGrantsInPeriodWeightedAverageGrantDateFairValue,us-gaap/2013,20140331,1,USD,0x00000000,0,38.1200,,0,0,,0.024658024,0.0,2
0001564590-14-003474,ShareBasedCompensationArrangementByShareBasedPaymentAwardOptionsGrantsInPeriodWeightedAverageGrantDateFairValue,us-gaap/2013,20140630,2,USD,0x00000000,0,38.1200,,0,0,,0.02739799,0.0,2
0001564590-14-003474,ShareBasedCompensationArrangementByShareBasedPaymentAwardOptionsGrantsInPeriodWeightedAverageGrantDateFairValue,us-gaap/2013,20130630,2,USD,0x00000000,0,11.1300,,0,0,,0.02739799,0.0,2
0001564590-14-003474,AvailableForSaleSecuritiesContinuousUnrealizedLossPositionLessThanTwelveMonthsFairValue,us-gaap/2013,20140630,0,USD,0x00000000,0,503599000.0000,,0,0,,0.0,0.0,-3
0001564590-14-003474,CommonStockSharesAuthorized,us-gaap/2013,20140630,0,shares,0x00000000,0,5000000000.0000,,0,0,,0.0,0.0,32767
0001564590-14-003474,CommonStockSharesAuthorized,us-gaap/2013,20131231,0,shares,0x00000000,0,5000000000.0000,,0,0,,0.0,0.0,32767
0001564590-14-003474,EarningsPerShareBasic,us-gaap/2013,20140630,1,USD,0x00000000,0,-0.2400,,0,0,,0.013698995,0.0,2
0001564590-14-003474,EarningsPerShareBasic,us-gaap/2013,20130630,1,USD,0x00000000,0,-0.3200,,0,0,,0.013698995,0.0,2
0001564590-14-003474,EarningsPerShareBasic,us-gaap/2013,20140630,2,USD,0x00000000,0,-0.4700,,0,0,,0.02739799,0.0,2
0001564590-14-003474,EarningsPerShareBasic,us-gaap/2013,20130630,2,USD,0x00000000,0,-0.5300,,0,0,,0.02739799,0.0,2
0001564590-14-003474,OtherComprehensiveIncomeLossForeignCurrencyTransactionAndTranslationAdjustmentNetOfTax,us-gaap/2013,20140630,1,USD,0x00000000,0,542000.0000,,0,0,,0.013698995,0.0,-3
0001564590-14-003474,OtherComprehensiveIncomeLossForeignCurrencyTransactionAndTranslationAdjustmentNetOfTax,us-gaap/2013,20130630,1,USD,0x00000000,0,127000.0000,,0,0,,0.013698995,0.0,-3
0001564590-14-003474,OtherComprehensiveIncomeLossForeignCurrencyTransactionAndTranslationAdjustmentNetOfTax,us-gaap/2013,20130630,2,USD,0x00000000,0,36000.0000,,0,0,,0.02739799,0.0,-3
0001564590-14-003474,OtherComprehensiveIncomeLossForeignCurrencyTransactionAndTranslationAdjustmentNetOfTax,us-gaap/2013,20140630,2,USD,0x00000000,0,600000.0000,,0,0,,0.02739799,0.0,-3
0001564590-14-003474,PaymentsToAcquireMarketableSecurities,us-gaap/2013,20140630,2,USD,0x00000000,0,1039014000.0000,,0,0,,0.02739799,0.0,-3
0001564590-14-003474,PaymentsToAcquireMarketableSecurities,us-gaap/2013,20130630,2,USD,0x00000000,0,235625000.0000,,0,0,,0.02739799,0.0,-3
0001564590-14-003474,CapitalLeaseObligationsIncurred,us-gaap/2013,20140630,2,USD,0x00000000,0,47739000.0000,,0,0,,0.02739799,0.0,-3
0001564590-14-003474,CapitalLeaseObligationsIncurred,us-gaap/2013,20130630,2,USD,0x00000000,0,58757000.0000,,0,0,,0.02739799,0.0,-3
0001564590-14-003474,FiniteLivedIntangibleAssetsAmortizationExpenseYearThree,us-gaap/2013,20140630,0,USD,0x00000000,0,19971000.0000,,0,0,,0.0,0.0,-3
0001564590-14-003474,BusinessCombinationContingentConsiderationLiability,us-gaap/2013,20140630,0,USD,0x00000000,0,57800000.0000,,0,0,,0.0,0.0,-5
0001564590-14-003474,RetainedEarningsAccumulatedDeficit,us-gaap/2013,20140630,0,USD,0x00000000,0,-1271630000.0000,,0,0,,0.0,0.0,-3
0001564590-14-003474,RetainedEarningsAccumulatedDeficit,us-gaap/2013,20131231,0,USD,0x00000000,0,-994626000.0000,,0,0,,0.0,0.0,-3
0001564590-14-003474,EmployeeRelatedLiabilitiesCurrent,us-gaap/2013,20140630,0,USD,0x00000000,0,88779000.0000,,0,0,,0.0,0.0,-3
0001564590-14-003474,EmployeeRelatedLiabilitiesCurrent,us-gaap/2013,20131231,0,USD,0x00000000,0,29882000.0000,,0,0,,0.0,0.0,-3
0001564590-14-003474,AdditionalPaidInCapital,us-gaap/2013,20140630,0,USD,0x00000000,0,4318021000.0000,,0,0,,0.0,0.0,-3
0001564590-14-003474,AdditionalPaidInCapital,us-gaap/2013,20131231,0,USD,0x00000000,0,3944952000.0000,,0,0,,0.0,0.0,-3
0001564590-14-003474,ProceedsFromRepurchaseOfEquity,us-gaap/2013,20140630,2,USD,0x00000000,0,15907000.0000,,0,0,,0.02739799,0.0,-3
0001564590-14-003474,ProceedsFromRepurchaseOfEquity,us-gaap/2013,20130630,2,USD,0x00000000,0,5698000.0000,,0,0,,0.02739799,0.0,-3
0001564590-14-003474,PaymentsOfStockIssuanceCosts,us-gaap/2013,20140630,2,USD,0x00000000,0,1162000.0000,,0,0,,0.02739799,0.0,-3
0001564590-14-003474,AvailableForSaleSecuritiesGrossUnrealizedLossAccumulatedInInvestments,0001564590-14-003474,20131231,0,USD,0x00000000,0,114000.0000,,0,0,,0.0,0.0,-3
0001564590-14-003474,OperatingLeasesFutureMinimumPaymentsDueCurrent,us-gaap/2013,20140630,0,USD,0x00000000,0,107321000.0000,,0,0,,0.0,0.0,-3
0001564590-14-003474,AvailableForSaleSecuritiesGrossUnrealizedLossAccumulatedInInvestments,0001564590-14-003474,20140630,0,USD,0x00000000,0,201000.0000,,0,0,,0.0,0.0,-3
0001564590-14-003474,LiabilitiesCurrent,us-gaap/2013,20140630,0,USD,0x00000000,0,370375000.0000,,0,0,,0.0,0.0,-3
0001564590-14-003474,LiabilitiesCurrent,us-gaap/2013,20131231,0,USD,0x00000000,0,225430000.0000,,0,0,,0.0,0.0,-3
0001564590-14-003474,OtherLiabilitiesNoncurrent,us-gaap/2013,20140630,0,USD,0x00000000,0,33991000.0000,,0,0,,0.0,0.0,-3
0001564590-14-003474,OtherLiabilitiesNoncurrent,us-gaap/2013,20131231,0,USD,0x00000000,0,20784000.0000,,0,0,,0.0,0.0,-3
0001564590-14-003474,AccumulatedDepreciationDepletionAndAmortizationPropertyPlantAndEquipment,us-gaap/2013,20140630,0,USD,0x00000000,0,237307000.0000,,0,0,,0.0,0.0,-3
0001564590-14-003474,AccumulatedDepreciationDepletionAndAmortizationPropertyPlantAndEquipment,us-gaap/2013,20131231,0,USD,0x00000000,0,167065000.0000,,0,0,,0.0,0.0,-3
0001564590-14-003474,CapitalLeaseObligationsNoncurrent,us-gaap/2013,20140630,0,USD,0x00000000,0,101929000.0000,,0,0,,0.0,0.0,-3
0001564590-14-003474,CapitalLeaseObligationsNoncurrent,us-gaap/2013,20131231,0,USD,0x00000000,0,110520000.0000,,0,0,,0.0,0.0,-3
0001564590-14-003474,CostsAndExpenses,us-gaap/2013,20140630,1,USD,0x00000000,0,462077000.0000,,0,0,,0.013698995,0.0,-3
0001564590-14-003474,CostsAndExpenses,us-gaap/2013,20130630,1,USD,0x00000000,0,178208000.0000,,0,0,,0.013698995,0.0,-3
0001564590-14-003474,CostsAndExpenses,us-gaap/2013,20140630,2,USD,0x00000000,0,841940000.0000,,0,0,,0.02739799,0.0,-3
0001564590-14-003474,CostsAndExpenses,us-gaap/2013,20130630,2,USD,0x00000000,0,316458000.0000,,0,0,,0.02739799,0.0,-3
0001564590-14-003474,FiniteLivedIntangibleAssetsAmortizationExpenseYearFive,us-gaap/2013,20140630,0,USD,0x00000000,0,9764000.0000,,0,0,,0.0,0.0,-3
0001564590-14-003474,CapitalLeasesFutureMinimumPaymentsRemainderOfFiscalYear,us-gaap/2013,20140630,0,USD,0x00000000,0,56248000.0000,,0,0,,0.0,0.0,-3
0001564590-14-003474,RepaymentsOfLongTermCapitalLeaseObligations,us-gaap/2013,20140630,2,USD,0x00000000,0,42886000.0000,,0,0,,0.02739799,0.0,-3
0001564590-14-003474,RepaymentsOfLongTermCapitalLeaseObligations,us-gaap/2013,20130630,2,USD,0x00000000,0,31068000.0000,,0,0,,0.02739799,0.0,-3
0001564590-14-003474,AvailableForSaleSecuritiesContinuousUnrealizedLossPositionAggregateLossesAccumulatedInInvestments,0001564590-14-003474,20140630,0,USD,0x00000000,0,201000.0000,,0,0,,0.0,0.0,-3
0001564590-14-003474,AvailableForSaleSecuritiesContinuousUnrealizedLossPositionAggregateLossesAccumulatedInInvestments,0001564590-14-003474,20131231,0,USD,0x00000000,0,114000.0000,,0,0,,0.0,0.0,-3
0001564590-14-003474,OperatingLeasesFutureMinimumPaymentsDueThereafter,us-gaap/2013,20140630,0,USD,0x00000000,0,320749000.0000,,0,0,,0.0,0.0,-3
0001564590-14-003474,ComprehensiveIncomeNetOfTax,us-gaap/2013,20140630,1,USD,0x00000000,0,-144147000.0000,,0,0,,0.013698995,0.0,-3
0001564590-14-003474,ComprehensiveIncomeNetOfTax,us-gaap/2013,20130630,1,USD,0x00000000,0,-42117000.0000,,0,0,,0.013698995,0.0,-3
0001564590-14-003474,ComprehensiveIncomeNetOfTax,us-gaap/2013,20140630,2,USD,0x00000000,0,-276482000.0000,,0,0,,0.02739799,0.0,-3
0001564590-14-003474,ComprehensiveIncomeNetOfTax,us-gaap/2013,20130630,2,USD,0x00000000,0,-69247000.0000,,0,0,,0.02739799,0.0,-3
0001564590-14-003474,AccountsPayableCurrent,us-gaap/2013,20140630,0,USD,0x00000000,0,23084000.0000,,0,0,,0.0,0.0,-3
0001564590-14-003474,AccountsPayableCurrent,us-gaap/2013,20131231,0,USD,0x00000000,0,27994000.0000,,0,0,,0.0,0.0,-3
0001564590-14-003474,ResearchAndDevelopmentExpense,us-gaap/2013,20140630,1,USD,0x00000000,0,177095000.0000,,0,0,,0.013698995,0.0,-3
0001564590-14-003474,ResearchAndDevelopmentExpense,us-gaap/2013,20130630,1,USD,0x00000000,0,64263000.0000,,0,0,,0.013698995,0.0,-3
0001564590-14-003474,ResearchAndDevelopmentExpense,us-gaap/2013,20140630,2,USD,0x00000000,0,326486000.0000,,0,0,,0.02739799,0.0,-3
0001564590-14-003474,ResearchAndDevelopmentExpense,us-gaap/2013,20130630,2,USD,0x00000000,0,111837000.0000,,0,0,,0.02739799,0.0,-3
0001564590-14-003474,AmortizationOfIntangibleAssets,us-gaap/2013,20140630,1,USD,0x00000000,0,8100000.0000,,0,0,,0.013698995,0.0,-5
0001564590-14-003474,AmortizationOfIntangibleAssets,us-gaap/2013,20130630,1,USD,0x00000000,0,3300000.0000,,0,0,,0.013698995,0.0,-5
0001564590-14-003474,AmortizationOfIntangibleAssets,us-gaap/2013,20140630,2,USD,0x00000000,0,14300000.0000,,0,0,,0.02739799,0.0,-5
0001564590-14-003474,AmortizationOfIntangibleAssets,us-gaap/2013,20130630,2,USD,0x00000000,0,7200000.0000,,0,0,,0.02739799,0.0,-5
0001564590-14-003474,FiniteLivedIntangibleAssetsAmortizationExpenseRemainderOfFiscalYear,us-gaap/2013,20140630,0,USD,0x00000000,0,16643000.0000,,0,0,,0.0,0.0,-3
0001564590-14-003474,EmployeeServiceShareBasedCompensationNonvestedAwardsTotalCompensationCostNotYetRecognized,us-gaap/2013,20140630,0,USD,0x00000000,0,7900000.0000,,0,0,,0.0,0.0,-5
0001564590-14-003474,RestrictedStockExpense,us-gaap/2013,20140630,1,USD,0x00000000,0,12900000.0000,,0,0,,0.013698995,0.0,-5
0001564590-14-003474,RestrictedStockExpense,us-gaap/2013,20130630,1,USD,0x00000000,0,7300000.0000,,0,0,,0.013698995,0.0,-5
0001564590-14-003474,RestrictedStockExpense,us-gaap/2013,20140630,2,USD,0x00000000,0,24000000.0000,,0,0,,0.02739799,0.0,-5
0001564590-14-003474,RestrictedStockExpense,us-gaap/2013,20130630,2,USD,0x00000000,0,12500000.0000,,0,0,,0.02739799,0.0,-5
0001564590-14-003474,GoodwillTranslationAdjustments,us-gaap/2013,20140630,2,USD,0x00000000,0,203000.0000,,0,0,,0.02739799,0.0,-3
0001564590-14-003474,ShareBasedCompensationArrangementByShareBasedPaymentAwardOptionsOutstandingWeightedAverageExercisePrice,us-gaap/2013,20131231,0,USD,0x00000000,0,1.8900,,0,0,,0.0,0.0,2
0001564590-14-003474,ShareBasedCompensationArrangementByShareBasedPaymentAwardOptionsOutstandingWeightedAverageExercisePrice,us-gaap/2013,20140630,0,USD,0x00000000,0,2.2900,,0,0,,0.0,0.0,2
0001564590-14-003474,ShareBasedCompensation,us-gaap/2013,20140630,2,USD,0x00000000,0,284780000.0000,,0,0,,0.02739799,0.0,-3
0001564590-14-003474,ShareBasedCompensation,us-gaap/2013,20130630,2,USD,0x00000000,0,35568000.0000,,0,0,,0.02739799,0.0,-3
0001564590-14-003474,ShareBasedCompensation,us-gaap/2013,20140630,1,USD,0x00000000,0,158411000.0000,,0,0,,0.013698995,0.0,-3
0001564590-14-003474,ShareBasedCompensation,us-gaap/2013,20130630,1,USD,0x00000000,0,22646000.0000,,0,0,,0.013698995,0.0,-3
0001564590-14-003474,AccruedLiabilitiesCurrent,us-gaap/2013,20140630,0,USD,0x00000000,0,247547000.0000,,0,0,,0.0,0.0,-3
0001564590-14-003474,AccruedLiabilitiesCurrent,us-gaap/2013,20131231,0,USD,0x00000000,0,110310000.0000,,0,0,,0.0,0.0,-3
0001564590-14-003474,CapitalLeaseObligationsCurrent,us-gaap/2013,20140630,0,USD,0x00000000,0,99744000.0000,,0,0,,0.0,0.0,-3
0001564590-14-003474,CapitalLeaseObligationsCurrent,us-gaap/2013,20131231,0,USD,0x00000000,0,87126000.0000,,0,0,,0.0,0.0,-3
0001564590-14-003474,DeferredIncomeTaxesAndOtherTaxLiabilitiesNoncurrent,us-gaap/2013,20140630,0,USD,0x00000000,0,31929000.0000,,0,0,,0.0,0.0,-3
0001564590-14-003474,DeferredIncomeTaxesAndOtherTaxLiabilitiesNoncurrent,us-gaap/2013,20131231,0,USD,0x00000000,0,59500000.0000,,0,0,,0.0,0.0,-3
0001564590-14-003474,CapitalLeasesFutureMinimumPaymentsDue,us-gaap/2013,20140630,0,USD,0x00000000,0,213521000.0000,,0,0,,0.0,0.0,-3
0001564590-14-003474,OtherPrepaidExpenseCurrent,us-gaap/2013,20140630,0,USD,0x00000000,0,46313000.0000,,0,0,,0.0,0.0,-3
0001564590-14-003474,OtherPrepaidExpenseCurrent,us-gaap/2013,20131231,0,USD,0x00000000,0,31175000.0000,,0,0,,0.0,0.0,-3
0001564590-14-003474,AccruedFixedAssetsAndMaintenance,0001564590-14-003474,20140630,0,USD,0x00000000,0,58396000.0000,,0,0,,0.0,0.0,-3
0001564590-14-003474,AccruedFixedAssetsAndMaintenance,0001564590-14-003474,20131231,0,USD,0x00000000,0,5697000.0000,,0,0,,0.0,0.0,-3
0001564590-14-003474,LiabilitiesAndStockholdersEquity,us-gaap/2013,20140630,0,USD,0x00000000,0,3584817000.0000,,0,0,,0.0,0.0,-3
0001564590-14-003474,LiabilitiesAndStockholdersEquity,us-gaap/2013,20131231,0,USD,0x00000000,0,3366240000.0000,,0,0,,0.0,0.0,-3
0001564590-14-003474,NetIncomeLoss,us-gaap/2013,20140630,1,USD,0x00000000,0,-144642000.0000,,0,0,,0.013698995,0.0,-3
0001564590-14-003474,NetIncomeLoss,us-gaap/2013,20130630,1,USD,0x00000000,0,-42225000.0000,,0,0,,0.013698995,0.0,-3
0001564590-14-003474,NetIncomeLoss,us-gaap/2013,20140630,2,USD,0x00000000,0,-277004000.0000,,0,0,,0.02739799,0.0,-3
0001564590-14-003474,NetIncomeLoss,us-gaap/2013,20130630,2,USD,0x00000000,0,-69251000.0000,,0,0,,0.02739799,0.0,-3
0001564590-14-003474,IntangibleAssetsNetExcludingGoodwill,us-gaap/2013,20140630,0,USD,0x00000000,0,105497000.0000,,0,0,,0.0,0.0,-3
0001564590-14-003474,IntangibleAssetsNetExcludingGoodwill,us-gaap/2013,20131231,0,USD,0x00000000,0,77627000.0000,,0,0,,0.0,0.0,-3
0001564590-14-003474,CashAndCashEquivalentsPeriodIncreaseDecrease,us-gaap/2013,20140630,2,USD,0x00000000,0,1656000.0000,,0,0,,0.02739799,0.0,-3
0001564590-14-003474,CashAndCashEquivalentsPeriodIncreaseDecrease,us-gaap/2013,20130630,2,USD,0x00000000,0,-38185000.0000,,0,0,,0.02739799,0.0,-3
0001564590-14-003474,FiniteLivedIntangibleAssetsAmortizationExpenseYearFour,us-gaap/2013,20140630,0,USD,0x00000000,0,9764000.0000,,0,0,,0.0,0.0,-3
0001564590-14-003474,ShareBasedCompensationArrangementByShareBasedPaymentAwardOptionsOutstandingIntrinsicValue,us-gaap/2013,20131231,0,USD,0x00000000,0,2609295000.0000,,0,0,,0.0,0.0,-3
0001564590-14-003474,ShareBasedCompensationArrangementByShareBasedPaymentAwardOptionsOutstandingIntrinsicValue,us-gaap/2013,20140630,0,USD,0x00000000,0,1062472000.0000,,0,0,,0.0,0.0,-3
0001564590-14-003474,AccumulatedOtherComprehensiveIncomeLossNetOfTax,us-gaap/2013,20131231,0,USD,0x00000000,0,-323000.0000,,0,0,,0.0,0.0,-3
0001564590-14-003474,AccumulatedOtherComprehensiveIncomeLossNetOfTax,us-gaap/2013,20140630,0,USD,0x00000000,0,199000.0000,,0,0,,0.0,0.0,-3
0001564590-14-003474,AssetsCurrent,us-gaap/2013,20140630,0,USD,0x00000000,0,2463886000.0000,,0,0,,0.0,0.0,-3
0001564590-14-003474,AssetsCurrent,us-gaap/2013,20131231,0,USD,0x00000000,0,2574679000.0000,,0,0,,0.0,0.0,-3
0001564590-14-003474,WeightedAverageNumberOfSharesOutstandingBasic,us-gaap/2013,20140630,1,shares,0x00000000,0,595607000.0000,,0,0,,0.013698995,0.0,-3
0001564590-14-003474,WeightedAverageNumberOfSharesOutstandingBasic,us-gaap/2013,20130630,1,shares,0x00000000,0,132224000.0000,,0,0,,0.013698995,0.0,-3
0001564590-14-003474,WeightedAverageNumberOfSharesOutstandingBasic,us-gaap/2013,20140630,2,shares,0x00000000,0,587760000.0000,,0,0,,0.02739799,0.0,-3
0001564590-14-003474,WeightedAverageNumberOfSharesOutstandingBasic,us-gaap/2013,20130630,2,shares,0x00000000,0,129853000.0000,,0,0,,0.02739799,0.0,-3
0001564590-14-003474,NetCashProvidedByUsedInOperatingActivitiesContinuingOperations,us-gaap/2013,20140630,2,USD,0x00000000,0,124380000.0000,,0,0,,0.02739799,0.0,-3
0001564590-14-003474,NetCashProvidedByUsedInOperatingActivitiesContinuingOperations,us-gaap/2013,20130630,2,USD,0x00000000,0,9659000.0000,,0,0,,0.02739799,0.0,-3
0001564590-14-003474,CommitmentsAndContingencies,us-gaap/2013,20131231,0,USD,0x00000000,0,,,0,0,,0.0,0.0,-32768
0001564590-14-003474,CommitmentsAndContingencies,us-gaap/2013,20140630,0,USD,0x00000000,0,,,0,0,,0.0,0.0,-32768
0001564590-14-003474,IncreaseDecreaseInAccountsReceivable,us-gaap/2013,20140630,2,USD,0x00000000,0,37213000.0000,,0,0,,0.02739799,0.0,-3
0001564590-14-003474,IncreaseDecreaseInAccountsReceivable,us-gaap/2013,20130630,2,USD,0x00000000,0,11349000.0000,,0,0,,0.02739799,0.0,-3
0001564590-14-003474,PaymentsToAcquireBusinessesNetOfCashAcquired,us-gaap/2013,20140630,2,USD,0x00000000,0,132896000.0000,,0,0,,0.02739799,0.0,-3
0001564590-14-003474,PaymentsToAcquireBusinessesNetOfCashAcquired,us-gaap/2013,20130630,2,USD,0x00000000,0,2322000.0000,,0,0,,0.02739799,0.0,-3
0001564590-14-003474,CapitalLeasesFutureMinimumPaymentsDueCurrent,us-gaap/2013,20140630,0,USD,0x00000000,0,88645000.0000,,0,0,,0.0,0.0,-3
0001564590-14-003474,StockIssued1,us-gaap/2013,20140630,2,USD,0x00000000,0,51846000.0000,,0,0,,0.02739799,0.0,-3
0001564590-14-003474,StockIssued1,us-gaap/2013,20130630,2,USD,0x00000000,0,109945000.0000,,0,0,,0.02739799,0.0,-3
0001564590-14-003474,IncomeTaxExpenseBenefit,us-gaap/2013,20140630,1,USD,0x00000000,0,-5599000.0000,,0,0,,0.013698995,0.0,-3
0001564590-14-003474,IncomeTaxExpenseBenefit,us-gaap/2013,20130630,1,USD,0x00000000,0,777000.0000,,0,0,,0.013698995,0.0,-3
0001564590-14-003474,IncomeTaxExpenseBenefit,us-gaap/2013,20140630,2,USD,0x00000000,0,-4377000.0000,,0,0,,0.02739799,0.0,-3
0001564590-14-003474,IncomeTaxExpenseBenefit,us-gaap/2013,20130630,2,USD,0x00000000,0,1134000.0000,,0,0,,0.02739799,0.0,-3
0001564590-14-003474,DeferredIncomeTaxExpenseBenefit,us-gaap/2013,20140630,2,USD,0x00000000,0,-7737000.0000,,0,0,,0.02739799,0.0,-3
0001564590-14-003474,SellingAndMarketingExpense,us-gaap/2013,20140630,1,USD,0x00000000,0,140261000.0000,,0,0,,0.013698995,0.0,-3
0001564590-14-003474,SellingAndMarketingExpense,us-gaap/2013,20130630,1,USD,0x00000000,0,45258000.0000,,0,0,,0.013698995,0.0,-3
0001564590-14-003474,SellingAndMarketingExpense,us-gaap/2013,20140630,2,USD,0x00000000,0,246496000.0000,,0,0,,0.02739799,0.0,-3
0001564590-14-003474,SellingAndMarketingExpense,us-gaap/2013,20130630,2,USD,0x00000000,0,77697000.0000,,0,0,,0.02739799,0.0,-3
0001564590-14-003474,OtherNonoperatingIncomeExpense,us-gaap/2013,20140630,1,USD,0x00000000,0,1780000.0000,,0,0,,0.013698995,0.0,-3
0001564590-14-003474,OtherNonoperatingIncomeExpense,us-gaap/2013,20130630,1,USD,0x00000000,0,-1019000.0000,,0,0,,0.013698995,0.0,-3
0001564590-14-003474,OtherNonoperatingIncomeExpense,us-gaap/2013,20140630,2,USD,0x00000000,0,2578000.0000,,0,0,,0.02739799,0.0,-3
0001564590-14-003474,OtherNonoperatingIncomeExpense,us-gaap/2013,20130630,2,USD,0x00000000,0,-2548000.0000,,0,0,,0.02739799,0.0,-3
0001564590-14-003474,TaxesPayableCurrent,us-gaap/2013,20140630,0,USD,0x00000000,0,11845000.0000,,0,0,,0.0,0.0,-3
0001564590-14-003474,TaxesPayableCurrent,us-gaap/2013,20131231,0,USD,0x00000000,0,9515000.0000,,0,0,,0.0,0.0,-3
0001564590-14-003474,CommonStockSharesIssued,us-gaap/2013,20140630,0,shares,0x00000000,0,612682000.0000,,0,0,,0.0,0.0,32767
0001564590-14-003474,CommonStockSharesIssued,us-gaap/2013,20131231,0,shares,0x00000000,0,569922000.0000,,0,0,,0.0,0.0,32767
0001564590-14-003474,DeferredIncomeTaxExpenseBenefit,us-gaap/2013,20130630,2,USD,0x00000000,0,-508000.0000,,0,0,,0.02739799,0.0,-3
0001564590-14-003474,AvailableForSaleSecuritiesAmortizedCost,us-gaap/2013,20140630,0,USD,0x00000000,0,1252209000.0000,,0,0,,0.0,0.0,-3
0001564590-14-003474,AvailableForSaleSecuritiesAmortizedCost,us-gaap/2013,20131231,0,USD,0x00000000,0,1393125000.0000,,0,0,,0.0,0.0,-3
0001564590-14-003474,ProceedsFromIssuanceOfSharesUnderIncentiveAndShareBasedCompensationPlans,us-gaap/2013,20140630,2,USD,0x00000000,0,21224000.0000,,0,0,,0.02739799,0.0,-3
0001564590-14-003474,AvailableForSaleSecuritiesContinuousUnrealizedLossPositionLessThan12MonthsAggregateLossesAccumulatedInInvestments,0001564590-14-003474,20140630,0,USD,0x00000000,0,201000.0000,,0,0,,0.0,0.0,-3
0001564590-14-003474,AvailableForSaleSecuritiesContinuousUnrealizedLossPositionLessThan12MonthsAggregateLossesAccumulatedInInvestments,0001564590-14-003474,20131231,0,USD,0x00000000,0,114000.0000,,0,0,,0.0,0.0,-3
0001564590-14-003474,PropertyPlantAndEquipmentNet,us-gaap/2013,20140630,0,USD,0x00000000,0,467634000.0000,,0,0,,0.0,0.0,-3
0001564590-14-003474,PropertyPlantAndEquipmentNet,us-gaap/2013,20131231,0,USD,0x00000000,0,332662000.0000,,0,0,,0.0,0.0,-3
0001564590-14-003474,OtherAssetsNoncurrent,us-gaap/2013,20140630,0,USD,0x00000000,0,33199000.0000,,0,0,,0.0,0.0,-3
0001564590-14-003474,OtherAssetsNoncurrent,us-gaap/2013,20131231,0,USD,0x00000000,0,17795000.0000,,0,0,,0.0,0.0,-3
0001564590-14-003474,DepreciationAndAmortization,us-gaap/2013,20140630,2,USD,0x00000000,0,85582000.0000,,0,0,,0.02739799,0.0,-3
0001564590-14-003474,DepreciationAndAmortization,us-gaap/2013,20130630,2,USD,0x00000000,0,48647000.0000,,0,0,,0.02739799,0.0,-3
0001564590-14-003474,FiniteLivedIntangibleAssetsGross,us-gaap/2013,20140630,0,USD,0x00000000,0,166865000.0000,,0,0,,0.0,0.0,-3
0001564590-14-003474,FiniteLivedIntangibleAssetsGross,us-gaap/2013,20131231,0,USD,0x00000000,0,124713000.0000,,0,0,,0.0,0.0,-3
0001564590-14-003474,OtherComprehensiveIncomeLossAvailableForSaleSecuritiesAdjustmentNetOfTax,us-gaap/2013,20140630,1,USD,0x00000000,0,-47000.0000,,0,0,,0.013698995,0.0,-3
0001564590-14-003474,OtherComprehensiveIncomeLossAvailableForSaleSecuritiesAdjustmentNetOfTax,us-gaap/2013,20130630,1,USD,0x00000000,0,-19000.0000,,0,0,,0.013698995,0.0,-3
0001564590-14-003474,OtherComprehensiveIncomeLossAvailableForSaleSecuritiesAdjustmentNetOfTax,us-gaap/2013,20140630,2,USD,0x00000000,0,-78000.0000,,0,0,,0.02739799,0.0,-3
0001564590-14-003474,OtherComprehensiveIncomeLossAvailableForSaleSecuritiesAdjustmentNetOfTax,us-gaap/2013,20130630,2,USD,0x00000000,0,-32000.0000,,0,0,,0.02739799,0.0,-3
0001564590-14-003474,EmployeeServiceShareBasedCompensationAllocationOfRecognizedPeriodCostsCapitalizedAmount,us-gaap/2013,20140630,1,USD,0x00000000,0,8800000.0000,,0,0,,0.013698995,0.0,-5
0001564590-14-003474,EmployeeServiceShareBasedCompensationAllocationOfRecognizedPeriodCostsCapitalizedAmount,us-gaap/2013,20130630,1,USD,0x00000000,0,1900000.0000,,0,0,,0.013698995,0.0,-5
0001564590-14-003474,EmployeeServiceShareBasedCompensationAllocationOfRecognizedPeriodCostsCapitalizedAmount,us-gaap/2013,20140630,2,USD,0x00000000,0,15500000.0000,,0,0,,0.02739799,0.0,-5
0001564590-14-003474,EmployeeServiceShareBasedCompensationAllocationOfRecognizedPeriodCostsCapitalizedAmount,us-gaap/2013,20130630,2,USD,0x00000000,0,3300000.0000,,0,0,,0.02739799,0.0,-5
0001564590-14-003474,UnrecognizedTaxBenefitsForNetDeferredTaxAssetsAndLiability,0001564590-14-003474,20140630,0,USD,0x00000000,0,-15800000.0000,,0,0,,0.0,0.0,-5
0001564590-14-003474,FiniteLivedIntangibleAssetsAmortizationExpenseYearTwo,us-gaap/2013,20140630,0,USD,0x00000000,0,27507000.0000,,0,0,,0.0,0.0,-3
0001564590-14-003474,ShareBasedCompensationArrangementByShareBasedPaymentAwardOptionsForfeituresInPeriod,us-gaap/2013,20140630,2,shares,0x00000000,0,242000.0000,,0,0,,0.02739799,0.0,-3
0001564590-14-003474,ShareBasedCompensationArrangementByShareBasedPaymentAwardOptionsVestedAndExpectedToVestOutstandingNumber,us-gaap/2013,20140630,0,shares,0x00000000,0,26923000.0000,,0,0,,0.0,0.0,-3
0001564590-14-003474,ShareBasedCompensationArrangementByShareBasedPaymentAwardOptionsExercisableWeightedAverageExercisePrice,us-gaap/2013,20140630,0,USD,0x00000000,0,1.4000,,0,0,,0.0,0.0,2
0001564590-14-003474,OperatingLeasesFutureMinimumPaymentsDueInTwoYears,us-gaap/2013,20140630,0,USD,0x00000000,0,121059000.0000,,0,0,,0.0,0.0,-3
0001564590-14-003474,EffectOfExchangeRateOnCashAndCashEquivalents,us-gaap/2013,20140630,2,USD,0x00000000,0,2310000.0000,,0,0,,0.02739799,0.0,-3
0001564590-14-003474,EffectOfExchangeRateOnCashAndCashEquivalents,us-gaap/2013,20130630,2,USD,0x00000000,0,-634000.0000,,0,0,,0.02739799,0.0,-3
0001564590-14-003474,AccountsReceivableNetCurrent,us-gaap/2013,20140630,0,USD,0x00000000,0,287082000.0000,,0,0,,0.0,0.0,-3
0001564590-14-003474,AccountsReceivableNetCurrent,us-gaap/2013,20131231,0,USD,0x00000000,0,247328000.0000,,0,0,,0.0,0.0,-3
0001564590-14-003474,FiniteLivedIntangibleAssetsAmortizationExpenseAfterYearFive,us-gaap/2013,20140630,0,USD,0x00000000,0,21848000.0000,,0,0,,0.0,0.0,-3
0001564590-14-003474,DeferredRevenueCurrent,us-gaap/2013,20140630,0,USD,0x00000000,0,21443000.0000,,0,0,,0.0,0.0,-3
0001564590-14-003474,DeferredRevenueCurrent,us-gaap/2013,20131231,0,USD,0x00000000,0,14479000.0000,,0,0,,0.0,0.0,-3
0001564590-14-003474,UnrecognizedTaxBenefitsPeriodIncreaseDecrease,us-gaap/2013,20140630,1,USD,0x00000000,0,18100000.0000,,0,0,,0.013698995,0.0,-5
0001564590-14-003474,UnrecognizedTaxBenefitsPeriodIncreaseDecrease,us-gaap/2013,20140630,2,USD,0x00000000,0,36400000.0000,,0,0,,0.02739799,0.0,-5
0001564590-14-003474,OperatingLeasesFutureMinimumPaymentsRemainderOfFiscalYear,us-gaap/2013,20140630,0,USD,0x00000000,0,39619000.0000,,0,0,,0.0,0.0,-3
0001564590-14-003474,ShortTermInvestments,us-gaap/2013,20140630,0,USD,0x00000000,0,1252055000.0000,,0,0,,0.0,0.0,-3
0001564590-14-003474,ShortTermInvestments,us-gaap/2013,20131231,0,USD,0x00000000,0,1393044000.0000,,0,0,,0.0,0.0,-3
0001564590-14-003474,GeneralAndAdministrativeExpense,us-gaap/2013,20140630,1,USD,0x00000000,0,44694000.0000,,0,0,,0.013698995,0.0,-3
0001564590-14-003474,GeneralAndAdministrativeExpense,us-gaap/2013,20130630,1,USD,0x00000000,0,18114000.0000,,0,0,,0.013698995,0.0,-3
0001564590-14-003474,GeneralAndAdministrativeExpense,us-gaap/2013,20140630,2,USD,0x00000000,0,83428000.0000,,0,0,,0.02739799,0.0,-3
0001564590-14-003474,GeneralAndAdministrativeExpense,us-gaap/2013,20130630,2,USD,0x00000000,0,35096000.0000,,0,0,,0.02739799,0.0,-3
0001564590-14-003474,OperatingIncomeLoss,us-gaap/2013,20140630,1,USD,0x00000000,0,-149911000.0000,,0,0,,0.013698995,0.0,-3
0001564590-14-003474,OperatingIncomeLoss,us-gaap/2013,20130630,1,USD,0x00000000,0,-38916000.0000,,0,0,,0.013698995,0.0,-3
0001564590-14-003474,OperatingIncomeLoss,us-gaap/2013,20140630,2,USD,0x00000000,0,-279282000.0000,,0,0,,0.02739799,0.0,-3
0001564590-14-003474,OperatingIncomeLoss,us-gaap/2013,20130630,2,USD,0x00000000,0,-62823000.0000,,0,0,,0.02739799,0.0,-3
0001564590-14-003474,IncomeLossFromContinuingOperationsBeforeIncomeTaxesMinorityInterestAndIncomeLossFromEquityMethodInvestments,us-gaap/2013,20140630,1,USD,0x00000000,0,-150241000.0000,,0,0,,0.013698995,0.0,-3
0001564590-14-003474,IncomeLossFromContinuingOperationsBeforeIncomeTaxesMinorityInterestAndIncomeLossFromEquityMethodInvestments,us-gaap/2013,20130630,1,USD,0x00000000,0,-41448000.0000,,0,0,,0.013698995,0.0,-3
0001564590-14-003474,IncomeLossFromContinuingOperationsBeforeIncomeTaxesMinorityInterestAndIncomeLossFromEquityMethodInvestments,us-gaap/2013,20140630,2,USD,0x00000000,0,-281381000.0000,,0,0,,0.02739799,0.0,-3
0001564590-14-003474,IncomeLossFromContinuingOperationsBeforeIncomeTaxesMinorityInterestAndIncomeLossFromEquityMethodInvestments,us-gaap/2013,20130630,2,USD,0x00000000,0,-68117000.0000,,0,0,,0.02739799,0.0,-3
0001564590-14-003474,EntityCommonStockSharesOutstanding,dei/2013,20140731,0,shares,0x00000000,0,615232482.0000,,0,0,,0.0,0.0,32767
0001564590-14-003474,AmortizationOfAcquisitionCosts,us-gaap/2013,20140630,2,USD,0x00000000,0,307000.0000,,0,0,,0.02739799,0.0,-3
0001564590-14-003474,AmortizationOfAcquisitionCosts,us-gaap/2013,20130630,2,USD,0x00000000,0,566000.0000,,0,0,,0.02739799,0.0,-3
0001564590-14-003474,CapitalLeasesFutureMinimumPaymentsDueInTwoYears,us-gaap/2013,20140630,0,USD,0x00000000,0,50768000.0000,,0,0,,0.0,0.0,-3
0001564590-14-003474,UnpaidDeferredOfferingCosts,0001564590-14-003474,20130630,2,USD,0x00000000,0,1600000.0000,,0,0,,0.02739799,0.0,-3
0001564590-14-003474,ShareBasedCompensationArrangementsByShareBasedPaymentAwardOptionsGrantsInPeriodWeightedAverageExercisePrice,us-gaap/2013,20140630,2,USD,0x00000000,0,1.3200,,0,0,,0.02739799,0.0,2
0001564590-14-003474,SharebasedCompensationArrangementBySharebasedPaymentAwardOptionsExercisableIntrinsicValue1,us-gaap/2013,20140630,0,USD,0x00000000,0,857564000.0000,,0,0,,0.0,0.0,-3
0001564590-14-003474,OtherAccruedLiabilitiesCurrent,us-gaap/2013,20140630,0,USD,0x00000000,0,39618000.0000,,0,0,,0.0,0.0,-3
0001564590-14-003474,OtherAccruedLiabilitiesCurrent,us-gaap/2013,20131231,0,USD,0x00000000,0,28278000.0000,,0,0,,0.0,0.0,-3
0001564590-14-003474,AssetsFairValueDisclosure,us-gaap/2013,20131231,0,USD,0x2af191f282beda4ecf1c9d6c545d255d,0,739455000.0000,,0,2,,0.0,0.0,-3
0001564590-14-003474,AssetsFairValueDisclosure,us-gaap/2013,20140630,0,USD,0x2af191f282beda4ecf1c9d6c545d255d,0,622604000.0000,,0,2,,0.0,0.0,-3
0001564590-14-003474,AssetsFairValueDisclosure,us-gaap/2013,20140630,0,USD,0xdb667150ce3868dc87c2d5ebcdb3014b,0,1221450000.0000,,0,2,,0.0,0.0,-3
0001564590-14-003474,AssetsFairValueDisclosure,us-gaap/2013,20131231,0,USD,0xdb667150ce3868dc87c2d5ebcdb3014b,0,1330464000.0000,,0,2,,0.0,0.0,-3
0001564590-14-003474,AssetsFairValueDisclosure,us-gaap/2013,20131231,0,USD,0x94adc8d2ef1ea62b51866a79644df096,0,2069919000.0000,,0,1,,0.0,0.0,-3
0001564590-14-003474,AssetsFairValueDisclosure,us-gaap/2013,20140630,0,USD,0x94adc8d2ef1ea62b51866a79644df096,0,1844054000.0000,,0,1,,0.0,0.0,-3
0001564590-14-003474,ShareBasedCompensation,us-gaap/2013,20140630,1,USD,0x238107863400b50f0580e4398e4698b6,0,92493000.0000,,0,1,,0.013698995,0.0,-3
0001564590-14-003474,ShareBasedCompensation,us-gaap/2013,20130630,1,USD,0x238107863400b50f0580e4398e4698b6,0,15772000.0000,,0,1,,0.013698995,0.0,-3
0001564590-14-003474,ShareBasedCompensation,us-gaap/2013,20140630,2,USD,0x238107863400b50f0580e4398e4698b6,0,170811000.0000,,0,1,,0.02739799,0.0,-3
0001564590-14-003474,ShareBasedCompensation,us-gaap/2013,20130630,2,USD,0x238107863400b50f0580e4398e4698b6,0,24197000.0000,,0,1,,0.02739799,0.0,-3
0001564590-14-003474,ShareBasedCompensation,us-gaap/2013,20140630,1,USD,0x5712241f688632ac44212b5c31fb049f,0,13869000.0000,,0,1,,0.013698995,0.0,-3
0001564590-14-003474,ShareBasedCompensation,us-gaap/2013,20130630,1,USD,0x5712241f688632ac44212b5c31fb049f,0,1471000.0000,,0,1,,0.013698995,0.0,-3
0001564590-14-003474,ShareBasedCompensation,us-gaap/2013,20140630,2,USD,0x5712241f688632ac44212b5c31fb049f,0,23700000.0000,,0,1,,0.02739799,0.0,-3
0001564590-14-003474,ShareBasedCompensation,us-gaap/2013,20130630,2,USD,0x5712241f688632ac44212b5c31fb049f,0,1955000.0000,,0,1,,0.02739799,0.0,-3
0001564590-14-003474,ShareBasedCompensationArrangementByShareBasedPaymentAwardFairValueAssumptionsExpectedVolatilityRate,us-gaap/2013,20140630,1,pure,0x8fc1a9f1d4eaa7702123f37031d313ae,0,0.4022,,0,1,,0.013698995,0.0,4
0001564590-14-003474,ShareBasedCompensationArrangementByShareBasedPaymentAwardFairValueAssumptionsExpectedVolatilityRate,us-gaap/2013,20140630,2,pure,0x8fc1a9f1d4eaa7702123f37031d313ae,0,0.4022,,0,1,,0.02739799,0.0,4
0001564590-14-003474,ShareBasedCompensationArrangementByShareBasedPaymentAwardFairValueAssumptionsExpectedVolatilityRate,us-gaap/2013,20130630,2,pure,0x8fc1a9f1d4eaa7702123f37031d313ae,0,0.5377,,0,1,,0.02739799,0.0,4
0001564590-14-003474,ShareBasedCompensationArrangementByShareBasedPaymentAwardFairValueAssumptionsRiskFreeInterestRate,us-gaap/2013,20140630,1,pure,0x8fc1a9f1d4eaa7702123f37031d313ae,0,0.0069,,0,1,,0.013698995,0.0,4
0001564590-14-003474,ShareBasedCompensationArrangementByShareBasedPaymentAwardFairValueAssumptionsRiskFreeInterestRate,us-gaap/2013,20140630,2,pure,0x8fc1a9f1d4eaa7702123f37031d313ae,0,0.0069,,0,1,,0.02739799,0.0,4
0001564590-14-003474,ShareBasedCompensationArrangementByShareBasedPaymentAwardFairValueAssumptionsRiskFreeInterestRate,us-gaap/2013,20130630,2,pure,0x8fc1a9f1d4eaa7702123f37031d313ae,0,0.0107,,0,1,,0.02739799,0.0,4
0001564590-14-003474,ShareBasedCompensationArrangementByShareBasedPaymentAwardOptionsExercisesInPeriodTotalIntrinsicValue,us-gaap/2013,20140630,1,USD,0x8fc1a9f1d4eaa7702123f37031d313ae,0,403200000.0000,,0,1,,0.013698995,0.0,-5
0001564590-14-003474,ShareBasedCompensationArrangementByShareBasedPaymentAwardOptionsExercisesInPeriodTotalIntrinsicValue,us-gaap/2013,20130630,1,USD,0x8fc1a9f1d4eaa7702123f37031d313ae,0,14000000.0000,,0,1,,0.013698995,0.0,-5
0001564590-14-003474,ShareBasedCompensationArrangementByShareBasedPaymentAwardOptionsExercisesInPeriodTotalIntrinsicValue,us-gaap/2013,20140630,2,USD,0x8fc1a9f1d4eaa7702123f37031d313ae,0,537100000.0000,,0,1,,0.02739799,0.0,-5
0001564590-14-003474,ShareBasedCompensationArrangementByShareBasedPaymentAwardOptionsExercisesInPeriodTotalIntrinsicValue,us-gaap/2013,20130630,2,USD,0x8fc1a9f1d4eaa7702123f37031d313ae,0,71300000.0000,,0,1,,0.02739799,0.0,-5
0001564590-14-003474,SharebasedCompensationArrangementBySharebasedPaymentAwardOptionsVestedInPeriodFairValue1,us-gaap/2013,20140630,1,USD,0x8fc1a9f1d4eaa7702123f37031d313ae,0,2400000.0000,,0,1,,0.013698995,0.0,-5
0001564590-14-003474,SharebasedCompensationArrangementBySharebasedPaymentAwardOptionsVestedInPeriodFairValue1,us-gaap/2013,20130630,1,USD,0x8fc1a9f1d4eaa7702123f37031d313ae,0,400000.0000,,0,1,,0.013698995,0.0,-5
0001564590-14-003474,SharebasedCompensationArrangementBySharebasedPaymentAwardOptionsVestedInPeriodFairValue1,us-gaap/2013,20140630,2,USD,0x8fc1a9f1d4eaa7702123f37031d313ae,0,5900000.0000,,0,1,,0.02739799,0.0,-5
0001564590-14-003474,SharebasedCompensationArrangementBySharebasedPaymentAwardOptionsVestedInPeriodFairValue1,us-gaap/2013,20130630,2,USD,0x8fc1a9f1d4eaa7702123f37031d313ae,0,4300000.0000,,0,1,,0.02739799,0.0,-5
0001564590-14-003474,ShareBasedCompensationArrangementByShareBasedPaymentAwardFairValueAssumptionsExpectedDividendRate,us-gaap/2013,20140630,1,pure,0x8fc1a9f1d4eaa7702123f37031d313ae,0,,,0,1,,0.013698995,0.0,-32768
0001564590-14-003474,ShareBasedCompensationArrangementByShareBasedPaymentAwardFairValueAssumptionsExpectedDividendRate,us-gaap/2013,20140630,2,pure,0x8fc1a9f1d4eaa7702123f37031d313ae,0,,,0,1,,0.02739799,0.0,-32768
0001564590-14-003474,ShareBasedCompensationArrangementByShareBasedPaymentAwardFairValueAssumptionsExpectedDividendRate,us-gaap/2013,20130630,2,pure,0x8fc1a9f1d4eaa7702123f37031d313ae,0,,,0,1,,0.02739799,0.0,-32768
0001564590-14-003474,EmployeeServiceShareBasedCompensationNonvestedAwardsTotalCompensationCostNotYetRecognizedStockOptions,us-gaap/2013,20140630,0,USD,0x8fc1a9f1d4eaa7702123f37031d313ae,0,30300000.0000,,0,1,,0.0,0.0,-5
0001564590-14-003474,ShareBasedCompensation,us-gaap/2013,20140630,1,USD,0x58436f3c740be87a8e22e9c71b144d99,0,14502000.0000,,0,1,,0.013698995,0.0,-3
0001564590-14-003474,ShareBasedCompensation,us-gaap/2013,20130630,1,USD,0x58436f3c740be87a8e22e9c71b144d99,0,2854000.0000,,0,1,,0.013698995,0.0,-3
0001564590-14-003474,ShareBasedCompensation,us-gaap/2013,20140630,2,USD,0x58436f3c740be87a8e22e9c71b144d99,0,24921000.0000,,0,1,,0.02739799,0.0,-3
0001564590-14-003474,ShareBasedCompensation,us-gaap/2013,20130630,2,USD,0x58436f3c740be87a8e22e9c71b144d99,0,4802000.0000,,0,1,,0.02739799,0.0,-3
0001564590-14-003474,AntidilutiveSecuritiesExcludedFromComputationOfEarningsPerShareAmount,us-gaap/2013,20140630,1,shares,0x6bf6cb1a218e4f1508c9de6ba98e1ba9,0,27470000.0000,,0,1,,0.013698995,0.0,-3
0001564590-14-003474,AntidilutiveSecuritiesExcludedFromComputationOfEarningsPerShareAmount,us-gaap/2013,20140630,2,shares,0x6bf6cb1a218e4f1508c9de6ba98e1ba9,0,27470000.0000,,0,1,,0.02739799,0.0,-3
0001564590-14-003474,AntidilutiveSecuritiesExcludedFromComputationOfEarningsPerShareAmount,us-gaap/2013,20130630,1,shares,0x6bf6cb1a218e4f1508c9de6ba98e1ba9,0,44157000.0000,,0,1,,0.013698995,0.0,-3
0001564590-14-003474,AntidilutiveSecuritiesExcludedFromComputationOfEarningsPerShareAmount,us-gaap/2013,20130630,2,shares,0x6bf6cb1a218e4f1508c9de6ba98e1ba9,0,44157000.0000,,0,1,,0.02739799,0.0,-3
0001564590-14-003474,ShareBasedCompensationArrangementByShareBasedPaymentAwardEquityInstrumentsOtherThanOptionsNonvestedWeightedAverageGrantDateFairValue,us-gaap/2013,20131231,0,USD,0xc7ecc78075f6e627dca798a0f46cabf7,0,17.6000,,0,1,,0.0,0.0,2
0001564590-14-003474,ShareBasedCompensationArrangementByShareBasedPaymentAwardEquityInstrumentsOtherThanOptionsNonvestedWeightedAverageGrantDateFairValue,us-gaap/2013,20140630,0,USD,0xc7ecc78075f6e627dca798a0f46cabf7,0,21.1000,,0,1,,0.0,0.0,2
0001564590-14-003474,ShareBasedCompensationArrangementByShareBasedPaymentAwardEquityInstrumentsOtherThanOptionsForfeituresWeightedAverageGrantDateFairValue,us-gaap/2013,20140630,2,USD,0xc7ecc78075f6e627dca798a0f46cabf7,0,13.4600,,0,1,,0.02739799,0.0,2
0001564590-14-003474,EmployeeServiceShareBasedCompensationNonvestedAwardsTotalCompensationCostNotYetRecognizedShareBasedAwardsOtherThanOptions,us-gaap/2013,20140630,0,USD,0xc7ecc78075f6e627dca798a0f46cabf7,0,94400000.0000,,0,1,,0.0,0.0,-5
0001564590-14-003474,ShareBasedCompensationArrangementByShareBasedPaymentAwardEquityInstrumentsOtherThanOptionsNonvestedNumber,us-gaap/2013,20131231,0,shares,0xc7ecc78075f6e627dca798a0f46cabf7,0,6866000.0000,,0,1,,0.0,0.0,-3
0001564590-14-003474,ShareBasedCompensationArrangementByShareBasedPaymentAwardEquityInstrumentsOtherThanOptionsNonvestedNumber,us-gaap/2013,20140630,0,shares,0xc7ecc78075f6e627dca798a0f46cabf7,0,6024000.0000,,0,1,,0.0,0.0,-3
0001564590-14-003474,ShareBasedCompensationArrangementByShareBasedPaymentAwardEquityInstrumentsOtherThanOptionsGrantsInPeriod,us-gaap/2013,20140630,2,shares,0xc7ecc78075f6e627dca798a0f46cabf7,0,1089000.0000,,0,1,,0.02739799,0.0,-3
0001564590-14-003474,ShareBasedCompensationArrangementByShareBasedPaymentAwardEquityInstrumentsOtherThanOptionsVestedInPeriodWeightedAverageGrantDateFairValue,us-gaap/2013,20140630,2,USD,0xc7ecc78075f6e627dca798a0f46cabf7,0,16.7700,,0,1,,0.02739799,0.0,2
0001564590-14-003474,ShareBasedCompensationArrangementByShareBasedPaymentAwardEquityInstrumentsOtherThanOptionsVestedInPeriod,us-gaap/2013,20140630,2,shares,0xc7ecc78075f6e627dca798a0f46cabf7,0,1833000.0000,,0,1,,0.02739799,0.0,-3
0001564590-14-003474,ShareBasedCompensationArrangementByShareBasedPaymentAwardEquityInstrumentsOtherThanOptionsGrantsInPeriodWeightedAverageGrantDateFairValue,us-gaap/2013,20140630,2,USD,0xc7ecc78075f6e627dca798a0f46cabf7,0,35.2300,,0,1,,0.02739799,0.0,2
0001564590-14-003474,ShareBasedCompensationArrangementByShareBasedPaymentAwardEquityInstrumentsOtherThanOptionsForfeitedInPeriod,us-gaap/2013,20140630,2,shares,0xc7ecc78075f6e627dca798a0f46cabf7,0,98000.0000,,0,1,,0.02739799,0.0,-3
0001564590-14-003474,PropertyPlantAndEquipmentGross,us-gaap/2013,20140630,0,USD,0xb9423c4397af54b4437725936c2d45d2,0,44065000.0000,,0,1,,0.0,0.0,-3
0001564590-14-003474,PropertyPlantAndEquipmentGross,us-gaap/2013,20131231,0,USD,0xb9423c4397af54b4437725936c2d45d2,0,29523000.0000,,0,1,,0.0,0.0,-3
0001564590-14-003474,CommonStockCapitalSharesReservedForFutureIssuance,us-gaap/2013,20140630,0,shares,0xf9305552911c0aeaab832e4548f10d78,0,16700000.0000,,0,1,,0.0,0.0,-5
0001564590-14-003474,EmployeeServiceShareBasedCompensationNonvestedAwardsTotalCompensationCostNotYetRecognized,us-gaap/2013,20140630,0,USD,0xf9305552911c0aeaab832e4548f10d78,0,15200000.0000,,0,1,,0.0,0.0,-5
0001564590-14-003474,ShareBasedCompensationArrangementByShareBasedPaymentAwardPerShareWeightedAveragePriceOfSharesPurchased,us-gaap/2013,20140430,0,USD,0xf9305552911c0aeaab832e4548f10d78,0,22.1000,,0,1,,0.0,-15.0,2
0001564590-14-003474,AllocatedShareBasedCompensationExpense,us-gaap/2013,20140630,1,USD,0xf9305552911c0aeaab832e4548f10d78,0,10500000.0000,,0,1,,0.013698995,0.0,-5
0001564590-14-003474,AllocatedShareBasedCompensationExpense,us-gaap/2013,20140630,2,USD,0xf9305552911c0aeaab832e4548f10d78,0,16700000.0000,,0,1,,0.02739799,0.0,-5
0001564590-14-003474,ShareBasedCompensationArrangementByShareBasedPaymentAwardSharesPurchasedForAward,us-gaap/2013,20140430,0,shares,0xf9305552911c0aeaab832e4548f10d78,0,957392.0000,,0,1,,-0.010958,-15.0,32767
0001564590-14-003474,PropertyPlantAndEquipmentGross,us-gaap/2013,20140630,0,USD,0xd016e0706d47416f7f40b1add8b2ac72,0,487649000.0000,,0,1,,0.0,0.0,-3
0001564590-14-003474,PropertyPlantAndEquipmentGross,us-gaap/2013,20131231,0,USD,0xd016e0706d47416f7f40b1add8b2ac72,0,367949000.0000,,0,1,,0.0,0.0,-3
0001564590-14-003474,AntidilutiveSecuritiesExcludedFromComputationOfEarningsPerShareAmount,us-gaap/2013,20140630,1,shares,0x5bc24331915bbe905773b3e45df23166,0,8877000.0000,,0,1,,0.013698995,0.0,-3
0001564590-14-003474,AntidilutiveSecuritiesExcludedFromComputationOfEarningsPerShareAmount,us-gaap/2013,20140630,2,shares,0x5bc24331915bbe905773b3e45df23166,0,8877000.0000,,0,1,,0.02739799,0.0,-3
0001564590-14-003474,AntidilutiveSecuritiesExcludedFromComputationOfEarningsPerShareAmount,us-gaap/2013,20130630,1,shares,0x5bc24331915bbe905773b3e45df23166,0,7196000.0000,,0,1,,0.013698995,0.0,-3
0001564590-14-003474,AntidilutiveSecuritiesExcludedFromComputationOfEarningsPerShareAmount,us-gaap/2013,20130630,2,shares,0x5bc24331915bbe905773b3e45df23166,0,7196000.0000,,0,1,,0.02739799,0.0,-3
0001564590-14-003474,ShareBasedCompensationArrangementByShareBasedPaymentAwardEquityInstrumentsOtherThanOptionsVestedWeightedAverageGrantDateFairValue,0001564590-14-003474,20140630,0,USD,0x0ab20a3d6dd2f89ce1deb1da25a80ac0,0,,,0,1,,0.0,0.0,-32768
0001564590-14-003474,ShareBasedCompensationArrangementByShareBasedPaymentAwardEquityInstrumentsOtherThanOptionsForfeituresWeightedAverageGrantDateFairValue,us-gaap/2013,20140630,2,USD,0x0ab20a3d6dd2f89ce1deb1da25a80ac0,0,20.7400,,0,1,,0.02739799,0.0,2
0001564590-14-003474,ShareBasedCompensationArrangementByShareBasedPaymentAwardEquityInstrumentsOtherThanOptionsNonvestedWeightedAverageGrantDateFairValue,us-gaap/2013,20131231,0,USD,0x0ab20a3d6dd2f89ce1deb1da25a80ac0,0,19.5400,,0,1,,0.0,0.0,2
0001564590-14-003474,ShareBasedCompensationArrangementByShareBasedPaymentAwardEquityInstrumentsOtherThanOptionsNonvestedWeightedAverageGrantDateFairValue,us-gaap/2013,20140630,0,USD,0x0ab20a3d6dd2f89ce1deb1da25a80ac0,0,24.6700,,0,1,,0.0,0.0,2
0001564590-14-003474,EmployeeServiceShareBasedCompensationNonvestedAwardsTotalCompensationCostNotYetRecognizedShareBasedAwardsOtherThanOptions,us-gaap/2013,20140630,0,USD,0x0ab20a3d6dd2f89ce1deb1da25a80ac0,0,95100000.0000,,0,1,,0.0,0.0,-5
0001564590-14-003474,EmployeeServiceShareBasedCompensationNonvestedAwardsTotalCompensationCostNotYetRecognizedShareBasedAwardsOtherThanOptions,us-gaap/2013,20130630,0,USD,0x0ab20a3d6dd2f89ce1deb1da25a80ac0,0,1230000000.0000,,0,1,,0.0,0.0,-7
0001564590-14-003474,ShareBasedCompensationArrangementByShareBasedPaymentAwardEquityInstrumentsOtherThanOptionsNonvestedNumber,us-gaap/2013,20131231,0,shares,0x0ab20a3d6dd2f89ce1deb1da25a80ac0,0,79876000.0000,,0,1,,0.0,0.0,-3
0001564590-14-003474,ShareBasedCompensationArrangementByShareBasedPaymentAwardEquityInstrumentsOtherThanOptionsNonvestedNumber,us-gaap/2013,20140630,0,shares,0x0ab20a3d6dd2f89ce1deb1da25a80ac0,0,81421000.0000,,0,1,,0.0,0.0,-3
0001564590-14-003474,ShareBasedCompensationArrangementByShareBasedPaymentAwardEquityInstrumentsOtherThanOptionsGrantsInPeriod,us-gaap/2013,20140630,2,shares,0x0ab20a3d6dd2f89ce1deb1da25a80ac0,0,14208000.0000,,0,1,,0.02739799,0.0,-3
0001564590-14-003474,ShareBasedCompensationArrangementByShareBasedPaymentAwardEquityInstrumentsOtherThanOptionsVestedInPeriodWeightedAverageGrantDateFairValue,us-gaap/2013,20140630,2,USD,0x0ab20a3d6dd2f89ce1deb1da25a80ac0,0,18.2600,,0,1,,0.02739799,0.0,2
0001564590-14-003474,ShareBasedCompensationArrangementByShareBasedPaymentAwardEquityInstrumentsOtherThanOptionsVestedNumber,0001564590-14-003474,20140630,0,shares,0x0ab20a3d6dd2f89ce1deb1da25a80ac0,0,,,0,1,,0.0,0.0,-32768
0001564590-14-003474,ShareBasedCompensationArrangementByShareBasedPaymentAwardEquityInstrumentsOtherThanOptionsVestedInPeriod,us-gaap/2013,20140630,2,shares,0x0ab20a3d6dd2f89ce1deb1da25a80ac0,0,9141000.0000,,0,1,,0.02739799,0.0,-3
0001564590-14-003474,ShareBasedCompensationArrangementByShareBasedPaymentAwardEquityInstrumentsOtherThanOptionsGrantsInPeriodWeightedAverageGrantDateFairValue,us-gaap/2013,20140630,2,USD,0x0ab20a3d6dd2f89ce1deb1da25a80ac0,0,48.3900,,0,1,,0.02739799,0.0,2
0001564590-14-003474,ShareBasedCompensationArrangementByShareBasedPaymentAwardEquityInstrumentsOtherThanOptionsForfeitedInPeriod,us-gaap/2013,20140630,2,shares,0x0ab20a3d6dd2f89ce1deb1da25a80ac0,0,3522000.0000,,0,1,,0.02739799,0.0,-3
0001564590-14-003474,FiniteLivedIntangibleAssetsAccumulatedAmortization,us-gaap/2013,20140630,0,USD,0xe51eb62fa85fa750bbdad49ffc056526,0,373000.0000,,0,1,,0.0,0.0,-3
0001564590-14-003474,FiniteLivedIntangibleAssetsAccumulatedAmortization,us-gaap/2013,20131231,0,USD,0xe51eb62fa85fa750bbdad49ffc056526,0,98000.0000,,0,1,,0.0,0.0,-3
0001564590-14-003474,FiniteLivedIntangibleAssetsNet,us-gaap/2013,20140630,0,USD,0xe51eb62fa85fa750bbdad49ffc056526,0,727000.0000,,0,1,,0.0,0.0,-3
0001564590-14-003474,FiniteLivedIntangibleAssetsNet,us-gaap/2013,20131231,0,USD,0xe51eb62fa85fa750bbdad49ffc056526,0,1002000.0000,,0,1,,0.0,0.0,-3
0001564590-14-003474,FiniteLivedIntangibleAssetsGross,us-gaap/2013,20131231,0,USD,0xe51eb62fa85fa750bbdad49ffc056526,0,1100000.0000,,0,1,,0.0,0.0,-3
0001564590-14-003474,FiniteLivedIntangibleAssetsGross,us-gaap/2013,20140630,0,USD,0xe51eb62fa85fa750bbdad49ffc056526,0,1100000.0000,,0,1,,0.0,0.0,-3
0001564590-14-003474,BusinessCombinationConsiderationTransferred1,us-gaap/2013,20140630,2,USD,0x50a2322920ee8459e658350747eec415,0,55500000.0000,,0,1,,0.02739799,0.0,-5
0001564590-14-003474,Goodwill,us-gaap/2013,20140630,0,USD,0x50a2322920ee8459e658350747eec415,0,46200000.0000,,0,1,,0.0,0.0,-5
0001564590-14-003474,BusinessCombinationRecognizedIdentifiableAssetsAcquiredAndLiabilitiesAssumedAssets,us-gaap/2013,20140630,0,USD,0x50a2322920ee8459e658350747eec415,0,1400000.0000,,0,1,,0.0,0.0,-5
0001564590-14-003474,BusinessCombinationConsiderationTransferredEquityInterestsIssuedAndIssuable,us-gaap/2013,20140630,2,USD,0x50a2322920ee8459e658350747eec415,0,25100000.0000,,0,1,,0.02739799,0.0,-5
0001564590-14-003474,PaymentsToAcquireBusinessesGross,us-gaap/2013,20140630,2,USD,0x50a2322920ee8459e658350747eec415,0,30400000.0000,,0,1,,0.02739799,0.0,-5
0001564590-14-003474,BusinessCombinationRecognizedIdentifiableAssetsAcquiredAndLiabilitiesAssumedDeferredTaxLiabilitiesNoncurrent,us-gaap/2013,20140630,0,USD,0x50a2322920ee8459e658350747eec415,0,1300000.0000,,0,1,,0.0,0.0,-5
0001564590-14-003474,NumberOfBusinessesAcquired,us-gaap/2013,20140630,2,Acquisition,0x50a2322920ee8459e658350747eec415,0,4.0000,,0,1,,0.02739799,0.0,32767
0001564590-14-003474,GoodwillAcquiredDuringPeriod,us-gaap/2013,20140630,2,USD,0xeb22331c67291c635560d963c9b6a08f,0,46174000.0000,,0,1,,0.02739799,0.0,-3
0001564590-14-003474,ShareBasedCompensation,us-gaap/2013,20140630,1,USD,0x823d06b9c8fb62a5d83b4243c34fae9d,0,37547000.0000,,0,1,,0.013698995,0.0,-3
0001564590-14-003474,ShareBasedCompensation,us-gaap/2013,20130630,1,USD,0x823d06b9c8fb62a5d83b4243c34fae9d,0,2549000.0000,,0,1,,0.013698995,0.0,-3
0001564590-14-003474,ShareBasedCompensation,us-gaap/2013,20140630,2,USD,0x823d06b9c8fb62a5d83b4243c34fae9d,0,65348000.0000,,0,1,,0.02739799,0.0,-3
0001564590-14-003474,ShareBasedCompensation,us-gaap/2013,20130630,2,USD,0x823d06b9c8fb62a5d83b4243c34fae9d,0,4614000.0000,,0,1,,0.02739799,0.0,-3
0001564590-14-003474,DebtInstrumentBasisSpreadOnVariableRate1,us-gaap/2013,20140630,2,pure,0x2a3ca7faccdb6e16358f58720147749c,0,0.0175,,0,2,,0.02739799,0.0,32767
0001564590-14-003474,DebtInstrumentBasisSpreadOnVariableRate1,us-gaap/2013,20140630,2,pure,0xa3fc018728f514ebbc99677693be759d,0,0.0000,,0,2,,0.02739799,0.0,32767
0001564590-14-003474,DebtInstrumentBasisSpreadOnVariableRate1,us-gaap/2013,20140630,2,pure,0xbbe64b15de04263735f1fd5419fb73db,0,0.0075,,0,2,,0.02739799,0.0,32767
0001564590-14-003474,DebtInstrumentBasisSpreadOnVariableRate1,us-gaap/2013,20140630,2,pure,0xd78b0300b2cc507d6be006fc35e611f1,0,0.0100,,0,2,,0.02739799,0.0,32767
0001564590-14-003474,RevenuePercentage,0001564590-14-003474,20140630,1,pure,0xa6cbd1e258177b2232155b49e0fdca31,0,0.1100,,0,1,,0.013698995,0.0,2
0001564590-14-003474,RevenuePercentage,0001564590-14-003474,20130630,1,pure,0xa6cbd1e258177b2232155b49e0fdca31,0,0.1000,,0,1,,0.013698995,0.0,2
0001564590-14-003474,RevenuePercentage,0001564590-14-003474,20140630,2,pure,0xa6cbd1e258177b2232155b49e0fdca31,0,0.1000,,0,1,,0.02739799,0.0,2
0001564590-14-003474,AntidilutiveSecuritiesExcludedFromComputationOfEarningsPerShareAmount,us-gaap/2013,20130630,1,shares,0x468e8536caa46e0583994b9425b165c2,0,117000.0000,,0,1,,0.013698995,0.0,-3
0001564590-14-003474,AntidilutiveSecuritiesExcludedFromComputationOfEarningsPerShareAmount,us-gaap/2013,20130630,2,shares,0x468e8536caa46e0583994b9425b165c2,0,117000.0000,,0,1,,0.02739799,0.0,-3
0001564590-14-003474,Revenues,us-gaap/2013,20140630,1,USD,0x26f08d42eb91f89d311ffa5064f6a1eb,0,210465000.0000,,0,1,,0.013698995,0.0,-3
0001564590-14-003474,Revenues,us-gaap/2013,20130630,1,USD,0x26f08d42eb91f89d311ffa5064f6a1eb,0,101383000.0000,,0,1,,0.013698995,0.0,-3
0001564590-14-003474,Revenues,us-gaap/2013,20140630,2,USD,0x26f08d42eb91f89d311ffa5064f6a1eb,0,390504000.0000,,0,1,,0.02739799,0.0,-3
0001564590-14-003474,Revenues,us-gaap/2013,20130630,2,USD,0x26f08d42eb91f89d311ffa5064f6a1eb,0,190799000.0000,,0,1,,0.02739799,0.0,-3
0001564590-14-003474,PropertyPlantAndEquipmentNet,us-gaap/2013,20140630,0,USD,0x26f08d42eb91f89d311ffa5064f6a1eb,0,449320000.0000,,0,1,,0.0,0.0,-3
0001564590-14-003474,PropertyPlantAndEquipmentNet,us-gaap/2013,20131231,0,USD,0x26f08d42eb91f89d311ffa5064f6a1eb,0,327250000.0000,,0,1,,0.0,0.0,-3
0001564590-14-003474,Revenues,us-gaap/2013,20140630,1,USD,0xbafdbf58bcbf5f70e48ae0538cbf1649,0,101701000.0000,,0,1,,0.013698995,0.0,-3
0001564590-14-003474,Revenues,us-gaap/2013,20130630,1,USD,0xbafdbf58bcbf5f70e48ae0538cbf1649,0,37909000.0000,,0,1,,0.013698995,0.0,-3
0001564590-14-003474,Revenues,us-gaap/2013,20140630,2,USD,0xbafdbf58bcbf5f70e48ae0538cbf1649,0,172154000.0000,,0,1,,0.02739799,0.0,-3
0001564590-14-003474,Revenues,us-gaap/2013,20130630,2,USD,0xbafdbf58bcbf5f70e48ae0538cbf1649,0,62836000.0000,,0,1,,0.02739799,0.0,-3
0001564590-14-003474,PropertyPlantAndEquipmentNet,us-gaap/2013,20140630,0,USD,0xbafdbf58bcbf5f70e48ae0538cbf1649,0,18314000.0000,,0,1,,0.0,0.0,-3
0001564590-14-003474,PropertyPlantAndEquipmentNet,us-gaap/2013,20131231,0,USD,0xbafdbf58bcbf5f70e48ae0538cbf1649,0,5412000.0000,,0,1,,0.0,0.0,-3
0001564590-14-003474,AntidilutiveSecuritiesExcludedFromComputationOfEarningsPerShareAmount,us-gaap/2013,20140630,1,shares,0x6e2944c1c1eac3245158c0f0863a2045,0,81421000.0000,,0,1,,0.013698995,0.0,-3
0001564590-14-003474,AntidilutiveSecuritiesExcludedFromComputationOfEarningsPerShareAmount,us-gaap/2013,20140630,2,shares,0x6e2944c1c1eac3245158c0f0863a2045,0,81421000.0000,,0,1,,0.02739799,0.0,-3
0001564590-14-003474,AntidilutiveSecuritiesExcludedFromComputationOfEarningsPerShareAmount,us-gaap/2013,20130630,1,shares,0x6e2944c1c1eac3245158c0f0863a2045,0,16345000.0000,,0,1,,0.013698995,0.0,-3
0001564590-14-003474,AntidilutiveSecuritiesExcludedFromComputationOfEarningsPerShareAmount,us-gaap/2013,20130630,2,shares,0x6e2944c1c1eac3245158c0f0863a2045,0,16345000.0000,,0,1,,0.02739799,0.0,-3
0001564590-14-003474,PropertyPlantAndEquipmentGross,us-gaap/2013,20140630,0,USD,0xa2a9ff97804d8ae2d3957bf6e7306ebd,0,69483000.0000,,0,1,,0.0,0.0,-3
0001564590-14-003474,PropertyPlantAndEquipmentGross,us-gaap/2013,20131231,0,USD,0xa2a9ff97804d8ae2d3957bf6e7306ebd,0,47290000.0000,,0,1,,0.0,0.0,-3
0001564590-14-003474,CashAndCashEquivalentsAtCarryingValue,us-gaap/2013,20140630,0,USD,0xaa9a9d7ceed21ae11282ca7d27ed468f,0,252977000.0000,,0,1,,0.0,0.0,-3
0001564590-14-003474,CashAndCashEquivalentsAtCarryingValue,us-gaap/2013,20131231,0,USD,0xaa9a9d7ceed21ae11282ca7d27ed468f,0,164135000.0000,,0,1,,0.0,0.0,-3
0001564590-14-003474,BusinessCombinationRecognizedIdentifiableAssetsAcquiredAndLiabilitiesAssumedIntangibles,us-gaap/2013,20140630,0,USD,0x87bb4b90972b4d49dccb0d59d795f749,0,9200000.0000,,0,2,,0.0,0.0,-5
0001564590-14-003474,AntidilutiveSecuritiesExcludedFromComputationOfEarningsPerShareAmount,us-gaap/2013,20140630,1,shares,0x4b3239814eca6d6131ffa1f4aa0f308e,0,1147000.0000,,0,1,,0.013698995,0.0,-3
0001564590-14-003474,AntidilutiveSecuritiesExcludedFromComputationOfEarningsPerShareAmount,us-gaap/2013,20140630,2,shares,0x4b3239814eca6d6131ffa1f4aa0f308e,0,1147000.0000,,0,1,,0.02739799,0.0,-3
0001564590-14-003474,CashAndCashEquivalentsFairValueDisclosure,us-gaap/2013,20131231,0,USD,0x61fbd37e5d49823ab964e8e1f029c449,0,229529000.0000,,0,2,,0.0,0.0,-3
0001564590-14-003474,CashAndCashEquivalentsFairValueDisclosure,us-gaap/2013,20140630,0,USD,0x61fbd37e5d49823ab964e8e1f029c449,0,258315000.0000,,0,2,,0.0,0.0,-3
0001564590-14-003474,CashAndCashEquivalentsFairValueDisclosure,us-gaap/2013,20140630,0,USD,0x6da2f65a34784f92dab65d868a3dce4b,0,258315000.0000,,0,3,,0.0,0.0,-3
0001564590-14-003474,CashAndCashEquivalentsFairValueDisclosure,us-gaap/2013,20131231,0,USD,0x6da2f65a34784f92dab65d868a3dce4b,0,229529000.0000,,0,3,,0.0,0.0,-3
0001564590-14-003474,InvestmentsFairValueDisclosure,us-gaap/2013,20131231,0,USD,0xdcb9520e69a31ff66b776ca694814ce9,0,272617000.0000,,0,2,,0.0,0.0,-3
0001564590-14-003474,InvestmentsFairValueDisclosure,us-gaap/2013,20140630,0,USD,0xdcb9520e69a31ff66b776ca694814ce9,0,181928000.0000,,0,2,,0.0,0.0,-3
0001564590-14-003474,CashAndCashEquivalentsFairValueDisclosure,us-gaap/2013,20131231,0,USD,0xdcb9520e69a31ff66b776ca694814ce9,0,194742000.0000,,0,2,,0.0,0.0,-3
0001564590-14-003474,CashAndCashEquivalentsFairValueDisclosure,us-gaap/2013,20140630,0,USD,0xdcb9520e69a31ff66b776ca694814ce9,0,126495000.0000,,0,2,,0.0,0.0,-3
0001564590-14-003474,InvestmentsFairValueDisclosure,us-gaap/2013,20140630,0,USD,0xee2dd8354ac4290c5d68e2f78f0f6ab0,0,181928000.0000,,0,3,,0.0,0.0,-3
0001564590-14-003474,InvestmentsFairValueDisclosure,us-gaap/2013,20131231,0,USD,0xee2dd8354ac4290c5d68e2f78f0f6ab0,0,272617000.0000,,0,3,,0.0,0.0,-3
0001564590-14-003474,CashAndCashEquivalentsFairValueDisclosure,us-gaap/2013,20140630,0,USD,0xee2dd8354ac4290c5d68e2f78f0f6ab0,0,126495000.0000,,0,3,,0.0,0.0,-3
0001564590-14-003474,CashAndCashEquivalentsFairValueDisclosure,us-gaap/2013,20131231,0,USD,0xee2dd8354ac4290c5d68e2f78f0f6ab0,0,194742000.0000,,0,3,,0.0,0.0,-3
0001564590-14-003474,InvestmentsFairValueDisclosure,us-gaap/2013,20140630,0,USD,0x6aa13a9392f4ad04f51701dd8da3aaa2,0,487037000.0000,,0,3,,0.0,0.0,-3
0001564590-14-003474,InvestmentsFairValueDisclosure,us-gaap/2013,20131231,0,USD,0x6aa13a9392f4ad04f51701dd8da3aaa2,0,501372000.0000,,0,3,,0.0,0.0,-3
0001564590-14-003474,CashAndCashEquivalentsFairValueDisclosure,us-gaap/2013,20131231,0,USD,0x6aa13a9392f4ad04f51701dd8da3aaa2,0,7545000.0000,,0,3,,0.0,0.0,-3
0001564590-14-003474,CashAndCashEquivalentsFairValueDisclosure,us-gaap/2013,20140630,0,USD,0x6aa13a9392f4ad04f51701dd8da3aaa2,0,33092000.0000,,0,3,,0.0,0.0,-3
0001564590-14-003474,InvestmentsFairValueDisclosure,us-gaap/2013,20131231,0,USD,0xb77221b80b51363f3dca7a724cb6589d,0,501372000.0000,,0,2,,0.0,0.0,-3
0001564590-14-003474,InvestmentsFairValueDisclosure,us-gaap/2013,20140630,0,USD,0xb77221b80b51363f3dca7a724cb6589d,0,487037000.0000,,0,2,,0.0,0.0,-3
0001564590-14-003474,CashAndCashEquivalentsFairValueDisclosure,us-gaap/2013,20140630,0,USD,0xb77221b80b51363f3dca7a724cb6589d,0,33092000.0000,,0,2,,0.0,0.0,-3
0001564590-14-003474,CashAndCashEquivalentsFairValueDisclosure,us-gaap/2013,20131231,0,USD,0xb77221b80b51363f3dca7a724cb6589d,0,7545000.0000,,0,2,,0.0,0.0,-3
0001564590-14-003474,InvestmentsFairValueDisclosure,us-gaap/2013,20131231,0,USD,0x091c04863c32cb219015140107d47cf1,0,265878000.0000,,0,2,,0.0,0.0,-3
0001564590-14-003474,InvestmentsFairValueDisclosure,us-gaap/2013,20140630,0,USD,0x091c04863c32cb219015140107d47cf1,0,190192000.0000,,0,2,,0.0,0.0,-3
0001564590-14-003474,CashAndCashEquivalentsFairValueDisclosure,us-gaap/2013,20131231,0,USD,0x091c04863c32cb219015140107d47cf1,0,244048000.0000,,0,2,,0.0,0.0,-3
0001564590-14-003474,CashAndCashEquivalentsFairValueDisclosure,us-gaap/2013,20140630,0,USD,0x091c04863c32cb219015140107d47cf1,0,174097000.0000,,0,2,,0.0,0.0,-3
0001564590-14-003474,InvestmentsFairValueDisclosure,us-gaap/2013,20140630,0,USD,0xb12398cb5e8bb276fae59f7e10cbd013,0,190192000.0000,,0,3,,0.0,0.0,-3
0001564590-14-003474,InvestmentsFairValueDisclosure,us-gaap/2013,20131231,0,USD,0xb12398cb5e8bb276fae59f7e10cbd013,0,265878000.0000,,0,3,,0.0,0.0,-3
0001564590-14-003474,CashAndCashEquivalentsFairValueDisclosure,us-gaap/2013,20140630,0,USD,0xb12398cb5e8bb276fae59f7e10cbd013,0,174097000.0000,,0,3,,0.0,0.0,-3
0001564590-14-003474,CashAndCashEquivalentsFairValueDisclosure,us-gaap/2013,20131231,0,USD,0xb12398cb5e8bb276fae59f7e10cbd013,0,244048000.0000,,0,3,,0.0,0.0,-3
0001564590-14-003474,InvestmentsFairValueDisclosure,us-gaap/2013,20140630,0,USD,0x3b356415df34809469473704e8228eb6,0,76784000.0000,,0,3,,0.0,0.0,-3
0001564590-14-003474,InvestmentsFairValueDisclosure,us-gaap/2013,20131231,0,USD,0x3b356415df34809469473704e8228eb6,0,79345000.0000,,0,3,,0.0,0.0,-3
0001564590-14-003474,InvestmentsFairValueDisclosure,us-gaap/2013,20131231,0,USD,0xd0216dd92bd5263578c4624419ace975,0,79345000.0000,,0,2,,0.0,0.0,-3
0001564590-14-003474,InvestmentsFairValueDisclosure,us-gaap/2013,20140630,0,USD,0xd0216dd92bd5263578c4624419ace975,0,76784000.0000,,0,2,,0.0,0.0,-3
0001564590-14-003474,CashAndCashEquivalentsAtCarryingValue,us-gaap/2013,20140630,0,USD,0x5a99365c02d9278aeb9265db00f6013b,0,258315000.0000,,0,1,,0.0,0.0,-3
0001564590-14-003474,CashAndCashEquivalentsAtCarryingValue,us-gaap/2013,20131231,0,USD,0x5a99365c02d9278aeb9265db00f6013b,0,229529000.0000,,0,1,,0.0,0.0,-3
0001564590-14-003474,ShareBasedCompensation,us-gaap/2013,20140630,1,USD,0x03d36543077e8eed333579cc268605b0,0,3931000.0000,,0,1,,0.013698995,0.0,-3
0001564590-14-003474,ShareBasedCompensation,us-gaap/2013,20130630,1,USD,0x03d36543077e8eed333579cc268605b0,0,358000.0000,,0,1,,0.013698995,0.0,-3
0001564590-14-003474,ShareBasedCompensation,us-gaap/2013,20140630,2,USD,0x03d36543077e8eed333579cc268605b0,0,4331000.0000,,0,1,,0.02739799,0.0,-3
0001564590-14-003474,ShareBasedCompensation,us-gaap/2013,20130630,2,USD,0x03d36543077e8eed333579cc268605b0,0,1153000.0000,,0,1,,0.02739799,0.0,-3
0001564590-14-003474,ShareBasedCompensation,us-gaap/2013,20140630,1,USD,0x70f4d5336ce63e20b71d4dca61fcc63b,0,154480000.0000,,0,1,,0.013698995,0.0,-3
0001564590-14-003474,ShareBasedCompensation,us-gaap/2013,20130630,1,USD,0x70f4d5336ce63e20b71d4dca61fcc63b,0,22288000.0000,,0,1,,0.013698995,0.0,-3
0001564590-14-003474,ShareBasedCompensation,us-gaap/2013,20140630,2,USD,0x70f4d5336ce63e20b71d4dca61fcc63b,0,280449000.0000,,0,1,,0.02739799,0.0,-3
0001564590-14-003474,ShareBasedCompensation,us-gaap/2013,20130630,2,USD,0x70f4d5336ce63e20b71d4dca61fcc63b,0,34415000.0000,,0,1,,0.02739799,0.0,-3
0001564590-14-003474,InvestmentsFairValueDisclosure,us-gaap/2013,20131231,0,USD,0x8e3df8110f60b21db1c096cc87231573,0,255546000.0000,,0,3,,0.0,0.0,-3
0001564590-14-003474,InvestmentsFairValueDisclosure,us-gaap/2013,20140630,0,USD,0x8e3df8110f60b21db1c096cc87231573,0,316114000.0000,,0,3,,0.0,0.0,-3
0001564590-14-003474,CashAndCashEquivalentsFairValueDisclosure,us-gaap/2013,20131231,0,USD,0x8e3df8110f60b21db1c096cc87231573,0,1011000.0000,,0,3,,0.0,0.0,-3
0001564590-14-003474,InvestmentsFairValueDisclosure,us-gaap/2013,20140630,0,USD,0x8e4c78552cffc0f6a04d5f3b28fbef09,0,316114000.0000,,0,2,,0.0,0.0,-3
0001564590-14-003474,InvestmentsFairValueDisclosure,us-gaap/2013,20131231,0,USD,0x8e4c78552cffc0f6a04d5f3b28fbef09,0,255546000.0000,,0,2,,0.0,0.0,-3
0001564590-14-003474,CashAndCashEquivalentsFairValueDisclosure,us-gaap/2013,20131231,0,USD,0x8e4c78552cffc0f6a04d5f3b28fbef09,0,1011000.0000,,0,2,,0.0,0.0,-3
0001564590-14-003474,PropertyPlantAndEquipmentGross,us-gaap/2013,20140630,0,USD,0x7afa83e4009937f7f526db5f8c8d41b1,0,103744000.0000,,0,1,,0.0,0.0,-3
0001564590-14-003474,PropertyPlantAndEquipmentGross,us-gaap/2013,20131231,0,USD,0x7afa83e4009937f7f526db5f8c8d41b1,0,54965000.0000,,0,1,,0.0,0.0,-3
0001564590-14-003474,Revenues,us-gaap/2013,20140630,1,USD,0x0bf54c0d8b065d57ada060fd7b3b70a4,0,33400000.0000,,0,2,,0.013698995,0.0,-5
0001564590-14-003474,Revenues,us-gaap/2013,20130630,1,USD,0x0bf54c0d8b065d57ada060fd7b3b70a4,0,14500000.0000,,0,2,,0.013698995,0.0,-5
0001564590-14-003474,Revenues,us-gaap/2013,20140630,2,USD,0x0bf54c0d8b065d57ada060fd7b3b70a4,0,57300000.0000,,0,2,,0.02739799,0.0,-5
0001564590-14-003474,InvestmentsFairValueDisclosure,us-gaap/2013,20131231,0,USD,0x1fbba121d66eb7339fc375ade0943e96,0,18286000.0000,,0,2,,0.0,0.0,-3
0001564590-14-003474,FiniteLivedIntangibleAssetsAccumulatedAmortization,us-gaap/2013,20131231,0,USD,0x2fbd678d3418322b393589b8c2ef675b,0,45440000.0000,,0,1,,0.0,0.0,-3
0001564590-14-003474,FiniteLivedIntangibleAssetsAccumulatedAmortization,us-gaap/2013,20140630,0,USD,0x2fbd678d3418322b393589b8c2ef675b,0,55341000.0000,,0,1,,0.0,0.0,-3
0001564590-14-003474,FiniteLivedIntangibleAssetsNet,us-gaap/2013,20140630,0,USD,0x2fbd678d3418322b393589b8c2ef675b,0,78064000.0000,,0,1,,0.0,0.0,-3
0001564590-14-003474,FiniteLivedIntangibleAssetsNet,us-gaap/2013,20131231,0,USD,0x2fbd678d3418322b393589b8c2ef675b,0,55113000.0000,,0,1,,0.0,0.0,-3
0001564590-14-003474,FiniteLivedIntangibleAssetsGross,us-gaap/2013,20140630,0,USD,0x2fbd678d3418322b393589b8c2ef675b,0,133405000.0000,,0,1,,0.0,0.0,-3
0001564590-14-003474,FiniteLivedIntangibleAssetsGross,us-gaap/2013,20131231,0,USD,0x2fbd678d3418322b393589b8c2ef675b,0,100553000.0000,,0,1,,0.0,0.0,-3
0001564590-14-003474,BusinessCombinationRecognizedIdentifiableAssetsAcquiredAndLiabilitiesAssumedIntangibles,us-gaap/2013,20140531,0,USD,0x3476e66d571363d03cc9b0613c481a96,0,9300000.0000,,0,2,,0.0,0.0,-5
0001564590-14-003474,FiniteLivedIntangibleAssetsAccumulatedAmortization,us-gaap/2013,20131231,0,USD,0x915a1dde4ee5d13f55786e12f38aa1bb,0,300000.0000,,0,1,,0.0,0.0,-3
0001564590-14-003474,FiniteLivedIntangibleAssetsAccumulatedAmortization,us-gaap/2013,20140630,0,USD,0x915a1dde4ee5d13f55786e12f38aa1bb,0,580000.0000,,0,1,,0.0,0.0,-3
0001564590-14-003474,FiniteLivedIntangibleAssetsNet,us-gaap/2013,20140630,0,USD,0x915a1dde4ee5d13f55786e12f38aa1bb,0,1380000.0000,,0,1,,0.0,0.0,-3
0001564590-14-003474,FiniteLivedIntangibleAssetsNet,us-gaap/2013,20131231,0,USD,0x915a1dde4ee5d13f55786e12f38aa1bb,0,1660000.0000,,0,1,,0.0,0.0,-3
0001564590-14-003474,FiniteLivedIntangibleAssetsGross,us-gaap/2013,20140630,0,USD,0x915a1dde4ee5d13f55786e12f38aa1bb,0,1960000.0000,,0,1,,0.0,0.0,-3
0001564590-14-003474,FiniteLivedIntangibleAssetsGross,us-gaap/2013,20131231,0,USD,0x915a1dde4ee5d13f55786e12f38aa1bb,0,1960000.0000,,0,1,,0.0,0.0,-3
0001564590-14-003474,InvestmentsFairValueDisclosure,us-gaap/2013,20131231,0,USD,0x953083248af9f9839f17ef41ee91deda,0,18286000.0000,,0,3,,0.0,0.0,-3
0001564590-14-003474,FiniteLivedIntangibleAssetsAccumulatedAmortization,us-gaap/2013,20131231,0,USD,0x9ea4df382cf5246d96b3ed74d3deabe8,0,1248000.0000,,0,1,,0.0,0.0,-3
0001564590-14-003474,FiniteLivedIntangibleAssetsAccumulatedAmortization,us-gaap/2013,20140630,0,USD,0x9ea4df382cf5246d96b3ed74d3deabe8,0,5074000.0000,,0,1,,0.0,0.0,-3
0001564590-14-003474,FiniteLivedIntangibleAssetsNet,us-gaap/2013,20131231,0,USD,0x9ea4df382cf5246d96b3ed74d3deabe8,0,19852000.0000,,0,1,,0.0,0.0,-3
0001564590-14-003474,FiniteLivedIntangibleAssetsNet,us-gaap/2013,20140630,0,USD,0x9ea4df382cf5246d96b3ed74d3deabe8,0,25326000.0000,,0,1,,0.0,0.0,-3
0001564590-14-003474,FiniteLivedIntangibleAssetsGross,us-gaap/2013,20131231,0,USD,0x9ea4df382cf5246d96b3ed74d3deabe8,0,21100000.0000,,0,1,,0.0,0.0,-3
0001564590-14-003474,FiniteLivedIntangibleAssetsGross,us-gaap/2013,20140630,0,USD,0x9ea4df382cf5246d96b3ed74d3deabe8,0,30400000.0000,,0,1,,0.0,0.0,-3
0001564590-14-003474,BusinessCombinationConsiderationTransferred1,us-gaap/2013,20140531,0,USD,0xc908a98cd380dce883a1fc48f2847490,0,134100000.0000,,0,1,,-0.328767,0.0,-5
0001564590-14-003474,BusinessAcquisitionEquityInterestsIssuedOrIssuableNumberOfSharesIssued,us-gaap/2013,20140531,0,shares,0xc908a98cd380dce883a1fc48f2847490,0,600000.0000,,0,1,,-0.328767,0.0,-5
0001564590-14-003474,Goodwill,us-gaap/2013,20140531,0,USD,0xc908a98cd380dce883a1fc48f2847490,0,104700000.0000,,0,1,,0.0,0.0,-5
0001564590-14-003474,BusinessCombinationRecognizedIdentifiableAssetsAcquiredAndLiabilitiesAssumedAssets,us-gaap/2013,20140531,0,USD,0xc908a98cd380dce883a1fc48f2847490,0,9100000.0000,,0,1,,0.0,0.0,-5
0001564590-14-003474,BusinessCombinationRecognizedIdentifiableAssetsAcquiredAndLiabilitiesAssumedLiabilities,us-gaap/2013,20140531,0,USD,0xc908a98cd380dce883a1fc48f2847490,0,5800000.0000,,0,1,,0.0,0.0,-5
0001564590-14-003474,PaymentsToAcquireBusinessesGross,us-gaap/2013,20140531,0,USD,0xc908a98cd380dce883a1fc48f2847490,0,107300000.0000,,0,1,,-0.328767,0.0,-5
0001564590-14-003474,BusinessCombinationRecognizedIdentifiableAssetsAcquiredAndLiabilitiesAssumedDeferredTaxLiabilitiesNoncurrent,us-gaap/2013,20140531,0,USD,0xc908a98cd380dce883a1fc48f2847490,0,6400000.0000,,0,1,,0.0,0.0,-5
0001564590-14-003474,BusinessCombinationConsiderationTransferredIncludingEquityInterestInAcquireeHeldPriorToCombinationShares,0001564590-14-003474,20140531,0,shares,0xc908a98cd380dce883a1fc48f2847490,0,400000.0000,,0,1,,-0.328767,0.0,-5
0001564590-14-003474,NumberOfIndividualCountryContributedInExcessOfTenPercentToRevenue,0001564590-14-003474,20130630,2,Country,0xd5adc0763229b96b7741e97decd10000,0,0.0000,,0,2,,0.02739799,0.0,32767
0001564590-14-003474,PaymentsRelatedToTaxWithholdingForShareBasedCompensation,us-gaap/2013,20140228,0,USD,0xdcb12e849777ace0b4b1b8494b88d191,0,16200000.0000,,0,1,,-0.29589,0.0,-5
0001564590-14-003474,CommonStockSharesIssued,us-gaap/2013,20140630,0,shares,0xdcb12e849777ace0b4b1b8494b88d191,0,19600000.0000,,0,1,,0.0,0.0,-5
0001564590-14-003474,BusinessCombinationRecognizedIdentifiableAssetsAcquiredAndLiabilitiesAssumedIntangibles,us-gaap/2013,20140531,0,USD,0xde1b87ed159b7f19ad154b8a62d036d6,0,23200000.0000,,0,2,,0.0,0.0,-5
0001564590-14-003474,BusinessAcquisitionEquityInterestsIssuedOrIssuableNumberOfSharesIssued,us-gaap/2013,20140731,0,shares,0xbc00875fbb5f08980752413764c65098,0,3500000.0000,,0,2,,-0.328767,0.0,-5
0001564590-14-003474,NoncashOrPartNoncashAcquisitionNoncashFinancialOrEquityInstrumentConsiderationOptionsIssued1,us-gaap/2013,20140731,0,shares,0xbc00875fbb5f08980752413764c65098,0,300000.0000,,0,2,,-0.328767,0.0,-5
0001564590-14-003474,PaymentsToAcquireBusinessesGross,us-gaap/2013,20140731,0,USD,0xbc00875fbb5f08980752413764c65098,0,31500000.0000,,0,2,,-0.328767,0.0,-5
0001564590-14-003474,NumberOfBusinessesAcquired,us-gaap/2013,20140731,0,Acquisition,0xbc00875fbb5f08980752413764c65098,0,4.0000,,0,2,,-0.328767,0.0,32767
0001564590-14-003474,ShareBasedCompensationArrangementByShareBasedPaymentAwardOptionsAndNonOptionEquityInstrumentsOutstandingNumber,0001564590-14-003474,20140630,0,shares,0xd392fcce95442888c1cec2f871b4d10d,0,88700000.0000,,0,1,,0.0,0.0,-5
0001564590-14-003474,CommonStockSharesIssued,us-gaap/2013,20140630,0,shares,0xf3633cb08fea266fa036d2389494e570,0,5100000.0000,,0,1,,0.0,0.0,-5
0001564590-14-003474,AvailableForSaleSecuritiesContinuousUnrealizedLossPositionTwelveMonthsOrLongerFairValue,us-gaap/2013,20140630,0,USD,0x0da68869a140d98fc8be6b4a22aef55a,0,,,0,1,,0.0,0.0,-32768
0001564590-14-003474,AvailableForSaleSecuritiesContinuousUnrealizedLossPositionTwelveMonthsOrLongerFairValue,us-gaap/2013,20131231,0,USD,0x0da68869a140d98fc8be6b4a22aef55a,0,,,0,1,,0.0,0.0,-32768
0001564590-14-003474,CashAndCashEquivalentsAtCarryingValue,us-gaap/2013,20140630,0,USD,0x0da68869a140d98fc8be6b4a22aef55a,0,126495000.0000,,0,1,,0.0,0.0,-3
0001564590-14-003474,CashAndCashEquivalentsAtCarryingValue,us-gaap/2013,20131231,0,USD,0x0da68869a140d98fc8be6b4a22aef55a,0,195753000.0000,,0,1,,0.0,0.0,-3
0001564590-14-003474,AvailableForSaleSecuritiesContinuousUnrealizedLossPositionFairValue,us-gaap/2013,20140630,0,USD,0x0da68869a140d98fc8be6b4a22aef55a,0,272726000.0000,,0,1,,0.0,0.0,-3
0001564590-14-003474,AvailableForSaleSecuritiesContinuousUnrealizedLossPosition12MonthsOrLongerAggregateLossesAccumulatedInInvestments,0001564590-14-003474,20131231,0,USD,0x0da68869a140d98fc8be6b4a22aef55a,0,,,0,1,,0.0,0.0,-32768
0001564590-14-003474,AvailableForSaleSecuritiesGrossUnrealizedGainAccumulatedInInvestments,0001564590-14-003474,20131231,0,USD,0x0da68869a140d98fc8be6b4a22aef55a,0,11000.0000,,0,1,,0.0,0.0,-3
0001564590-14-003474,AvailableForSaleSecuritiesContinuousUnrealizedLossPosition12MonthsOrLongerAggregateLossesAccumulatedInInvestments,0001564590-14-003474,20140630,0,USD,0x0da68869a140d98fc8be6b4a22aef55a,0,,,0,1,,0.0,0.0,-32768
0001564590-14-003474,AvailableForSaleSecuritiesContinuousUnrealizedLossPositionFairValue,us-gaap/2013,20131231,0,USD,0x0da68869a140d98fc8be6b4a22aef55a,0,171894000.0000,,0,1,,0.0,0.0,-3
0001564590-14-003474,AvailableForSaleSecuritiesGrossUnrealizedGainAccumulatedInInvestments,0001564590-14-003474,20140630,0,USD,0x0da68869a140d98fc8be6b4a22aef55a,0,7000.0000,,0,1,,0.0,0.0,-3
0001564590-14-003474,AvailableForSaleSecuritiesContinuousUnrealizedLossPositionLessThanTwelveMonthsFairValue,us-gaap/2013,20140630,0,USD,0x0da68869a140d98fc8be6b4a22aef55a,0,272726000.0000,,0,1,,0.0,0.0,-3
0001564590-14-003474,AvailableForSaleSecuritiesContinuousUnrealizedLossPositionLessThanTwelveMonthsFairValue,us-gaap/2013,20131231,0,USD,0x0da68869a140d98fc8be6b4a22aef55a,0,171894000.0000,,0,1,,0.0,0.0,-3
0001564590-14-003474,AvailableForSaleSecuritiesContinuousUnrealizedLossPositionAggregateLossesAccumulatedInInvestments,0001564590-14-003474,20140630,0,USD,0x0da68869a140d98fc8be6b4a22aef55a,0,183000.0000,,0,1,,0.0,0.0,-3
0001564590-14-003474,AvailableForSaleSecuritiesContinuousUnrealizedLossPositionAggregateLossesAccumulatedInInvestments,0001564590-14-003474,20131231,0,USD,0x0da68869a140d98fc8be6b4a22aef55a,0,93000.0000,,0,1,,0.0,0.0,-3
0001564590-14-003474,AvailableForSaleSecuritiesGrossUnrealizedLossAccumulatedInInvestments,0001564590-14-003474,20140630,0,USD,0x0da68869a140d98fc8be6b4a22aef55a,0,183000.0000,,0,1,,0.0,0.0,-3
0001564590-14-003474,AvailableForSaleSecuritiesGrossUnrealizedLossAccumulatedInInvestments,0001564590-14-003474,20131231,0,USD,0x0da68869a140d98fc8be6b4a22aef55a,0,93000.0000,,0,1,,0.0,0.0,-3
0001564590-14-003474,AvailableForSaleSecuritiesAmortizedCost,us-gaap/2013,20140630,0,USD,0x0da68869a140d98fc8be6b4a22aef55a,0,575002000.0000,,0,1,,0.0,0.0,-3
0001564590-14-003474,AvailableForSaleSecuritiesAmortizedCost,us-gaap/2013,20131231,0,USD,0x0da68869a140d98fc8be6b4a22aef55a,0,607590000.0000,,0,1,,0.0,0.0,-3
0001564590-14-003474,AvailableForSaleSecuritiesContinuousUnrealizedLossPositionLessThan12MonthsAggregateLossesAccumulatedInInvestments,0001564590-14-003474,20140630,0,USD,0x0da68869a140d98fc8be6b4a22aef55a,0,183000.0000,,0,1,,0.0,0.0,-3
0001564590-14-003474,AvailableForSaleSecuritiesContinuousUnrealizedLossPositionLessThan12MonthsAggregateLossesAccumulatedInInvestments,0001564590-14-003474,20131231,0,USD,0x0da68869a140d98fc8be6b4a22aef55a,0,93000.0000,,0,1,,0.0,0.0,-3
0001564590-14-003474,ShortTermInvestments,us-gaap/2013,20140630,0,USD,0x0da68869a140d98fc8be6b4a22aef55a,0,574826000.0000,,0,1,,0.0,0.0,-3
0001564590-14-003474,ShortTermInvestments,us-gaap/2013,20131231,0,USD,0x0da68869a140d98fc8be6b4a22aef55a,0,607508000.0000,,0,1,,0.0,0.0,-3
0001564590-14-003474,IncreaseDecreaseInOperatingLossCarryforwards,0001564590-14-003474,20140630,1,USD,0x4e2258f9c37f88f86204f61673b7df99,0,62700000.0000,,0,2,,0.013698995,0.0,-5
0001564590-14-003474,IncreaseDecreaseInOperatingLossCarryforwards,0001564590-14-003474,20140630,2,USD,0x4e2258f9c37f88f86204f61673b7df99,0,304000000.0000,,0,2,,0.02739799,0.0,-5
0001564590-14-003474,AdjustmentsToAdditionalPaidInCapitalTaxEffectFromShareBasedCompensation,us-gaap/2013,20140630,1,USD,0x4e2258f9c37f88f86204f61673b7df99,0,28900000.0000,,0,2,,0.013698995,0.0,-5
0001564590-14-003474,AdjustmentsToAdditionalPaidInCapitalTaxEffectFromShareBasedCompensation,us-gaap/2013,20140630,2,USD,0x4e2258f9c37f88f86204f61673b7df99,0,207300000.0000,,0,2,,0.02739799,0.0,-5
0001564590-14-003474,ShareBasedCompensationArrangementByShareBasedPaymentAwardOptionsOutstandingNumber,us-gaap/2013,20140630,0,shares,0x7d8e737269367a151cc5d1a20fef87a2,0,18200000.0000,,0,1,,0.0,0.0,-5
0001564590-14-003474,CommonStockCapitalSharesReservedForFutureIssuance,us-gaap/2013,20140630,0,shares,0x7d8e737269367a151cc5d1a20fef87a2,0,82400000.0000,,0,1,,0.0,0.0,-5
0001564590-14-003474,IncreaseDecreaseInOperatingLossCarryforwards,0001564590-14-003474,20140630,1,USD,0x809fa62f5b99ab50eed11a72b1a32edf,0,238100000.0000,,0,2,,0.013698995,0.0,-5
0001564590-14-003474,IncreaseDecreaseInOperatingLossCarryforwards,0001564590-14-003474,20140630,2,USD,0x809fa62f5b99ab50eed11a72b1a32edf,0,1154500000.0000,,0,2,,0.02739799,0.0,-5
0001564590-14-003474,AdjustmentsToAdditionalPaidInCapitalTaxEffectFromShareBasedCompensation,us-gaap/2013,20140630,1,USD,0x809fa62f5b99ab50eed11a72b1a32edf,0,109800000.0000,,0,2,,0.013698995,0.0,-5
0001564590-14-003474,AdjustmentsToAdditionalPaidInCapitalTaxEffectFromShareBasedCompensation,us-gaap/2013,20140630,2,USD,0x809fa62f5b99ab50eed11a72b1a32edf,0,787200000.0000,,0,2,,0.02739799,0.0,-5
0001564590-14-003474,AvailableForSaleSecuritiesContinuousUnrealizedLossPositionTwelveMonthsOrLongerFairValue,us-gaap/2013,20131231,0,USD,0x8dd93ca01509449365fc35f2575f9c04,0,,,0,1,,0.0,0.0,-32768
0001564590-14-003474,AvailableForSaleSecuritiesContinuousUnrealizedLossPositionTwelveMonthsOrLongerFairValue,us-gaap/2013,20140630,0,USD,0x8dd93ca01509449365fc35f2575f9c04,0,,,0,1,,0.0,0.0,-32768
0001564590-14-003474,CashAndCashEquivalentsAtCarryingValue,us-gaap/2013,20140630,0,USD,0x8dd93ca01509449365fc35f2575f9c04,0,207189000.0000,,0,1,,0.0,0.0,-3
0001564590-14-003474,CashAndCashEquivalentsAtCarryingValue,us-gaap/2013,20131231,0,USD,0x8dd93ca01509449365fc35f2575f9c04,0,251593000.0000,,0,1,,0.0,0.0,-3
0001564590-14-003474,AvailableForSaleSecuritiesGrossUnrealizedGainAccumulatedInInvestments,0001564590-14-003474,20131231,0,USD,0x8dd93ca01509449365fc35f2575f9c04,0,22000.0000,,0,1,,0.0,0.0,-3
0001564590-14-003474,AvailableForSaleSecuritiesGrossUnrealizedGainAccumulatedInInvestments,0001564590-14-003474,20140630,0,USD,0x8dd93ca01509449365fc35f2575f9c04,0,40000.0000,,0,1,,0.0,0.0,-3
0001564590-14-003474,AvailableForSaleSecuritiesContinuousUnrealizedLossPositionFairValue,us-gaap/2013,20131231,0,USD,0x8dd93ca01509449365fc35f2575f9c04,0,230478000.0000,,0,1,,0.0,0.0,-3
0001564590-14-003474,AvailableForSaleSecuritiesContinuousUnrealizedLossPosition12MonthsOrLongerAggregateLossesAccumulatedInInvestments,0001564590-14-003474,20140630,0,USD,0x8dd93ca01509449365fc35f2575f9c04,0,,,0,1,,0.0,0.0,-32768
0001564590-14-003474,AvailableForSaleSecuritiesContinuousUnrealizedLossPosition12MonthsOrLongerAggregateLossesAccumulatedInInvestments,0001564590-14-003474,20131231,0,USD,0x8dd93ca01509449365fc35f2575f9c04,0,,,0,1,,0.0,0.0,-32768
0001564590-14-003474,AvailableForSaleSecuritiesContinuousUnrealizedLossPositionFairValue,us-gaap/2013,20140630,0,USD,0x8dd93ca01509449365fc35f2575f9c04,0,230873000.0000,,0,1,,0.0,0.0,-3
0001564590-14-003474,AvailableForSaleSecuritiesContinuousUnrealizedLossPositionLessThanTwelveMonthsFairValue,us-gaap/2013,20131231,0,USD,0x8dd93ca01509449365fc35f2575f9c04,0,230478000.0000,,0,1,,0.0,0.0,-3
0001564590-14-003474,AvailableForSaleSecuritiesContinuousUnrealizedLossPositionLessThanTwelveMonthsFairValue,us-gaap/2013,20140630,0,USD,0x8dd93ca01509449365fc35f2575f9c04,0,230873000.0000,,0,1,,0.0,0.0,-3
0001564590-14-003474,AvailableForSaleSecuritiesGrossUnrealizedLossAccumulatedInInvestments,0001564590-14-003474,20131231,0,USD,0x8dd93ca01509449365fc35f2575f9c04,0,21000.0000,,0,1,,0.0,0.0,-3
0001564590-14-003474,AvailableForSaleSecuritiesGrossUnrealizedLossAccumulatedInInvestments,0001564590-14-003474,20140630,0,USD,0x8dd93ca01509449365fc35f2575f9c04,0,18000.0000,,0,1,,0.0,0.0,-3
0001564590-14-003474,AvailableForSaleSecuritiesContinuousUnrealizedLossPositionAggregateLossesAccumulatedInInvestments,0001564590-14-003474,20131231,0,USD,0x8dd93ca01509449365fc35f2575f9c04,0,21000.0000,,0,1,,0.0,0.0,-3
0001564590-14-003474,AvailableForSaleSecuritiesContinuousUnrealizedLossPositionAggregateLossesAccumulatedInInvestments,0001564590-14-003474,20140630,0,USD,0x8dd93ca01509449365fc35f2575f9c04,0,18000.0000,,0,1,,0.0,0.0,-3
0001564590-14-003474,AvailableForSaleSecuritiesContinuousUnrealizedLossPositionLessThan12MonthsAggregateLossesAccumulatedInInvestments,0001564590-14-003474,20131231,0,USD,0x8dd93ca01509449365fc35f2575f9c04,0,21000.0000,,0,1,,0.0,0.0,-3
0001564590-14-003474,AvailableForSaleSecuritiesContinuousUnrealizedLossPositionLessThan12MonthsAggregateLossesAccumulatedInInvestments,0001564590-14-003474,20140630,0,USD,0x8dd93ca01509449365fc35f2575f9c04,0,18000.0000,,0,1,,0.0,0.0,-3
0001564590-14-003474,AvailableForSaleSecuritiesAmortizedCost,us-gaap/2013,20131231,0,USD,0x8dd93ca01509449365fc35f2575f9c04,0,785535000.0000,,0,1,,0.0,0.0,-3
0001564590-14-003474,AvailableForSaleSecuritiesAmortizedCost,us-gaap/2013,20140630,0,USD,0x8dd93ca01509449365fc35f2575f9c04,0,677207000.0000,,0,1,,0.0,0.0,-3
0001564590-14-003474,ShortTermInvestments,us-gaap/2013,20140630,0,USD,0x8dd93ca01509449365fc35f2575f9c04,0,677229000.0000,,0,1,,0.0,0.0,-3
0001564590-14-003474,ShortTermInvestments,us-gaap/2013,20131231,0,USD,0x8dd93ca01509449365fc35f2575f9c04,0,785536000.0000,,0,1,,0.0,0.0,-3
0001564590-14-003474,GoodwillAcquiredDuringPeriod,us-gaap/2013,20140630,2,USD,0x956b298205f85e152291c31ce9c37e0d,0,104747000.0000,,0,1,,0.02739799,0.0,-3
